date,close,high,low,open,volume
2014-01-02,9.329201698303223,9.361069289790665,9.297334106815782,9.353102543874742,43048292
2014-01-03,9.217665672302246,9.31326844925682,9.193765433931429,9.31326844925682,58038024
2014-01-06,9.19376277923584,9.23359710617549,9.169861939942612,9.20172952305905,59483240
2014-01-07,9.19376277923584,9.225630362352277,9.19376277923584,9.20172952305905,52513328
2014-01-08,9.209697723388672,9.233598566461797,9.19376423322238,9.19376423322238,30420860
2014-01-09,9.169861793518066,9.209696119821642,9.145961562430072,9.185795888733645,34284912
2014-01-10,9.169861793518066,9.185795888733645,9.161895049822068,9.161895049822068,18966496
2014-01-13,9.225632667541504,9.273433750248321,9.209698568090069,9.241566159169196,24719476
2014-01-14,9.209697723388672,9.217664468471817,9.1778301352324,9.19376423322238,17105764
2014-01-15,9.305302619934082,9.313269366842608,9.233600682109692,9.233600682109692,46703380
2014-01-16,9.329201698303223,9.361069289790665,9.3212349523873,9.3212349523873,51086792
2014-01-17,9.345134735107422,9.353101480117262,9.289366304391178,9.337167382273899,32678336
2014-01-20,9.369034767150879,9.369034767150879,9.305300200629327,9.305300200629327,22508624
2014-01-21,9.329201698303223,9.37700278162251,9.3212349523873,9.361069289790665,27854648
2014-01-22,9.345134735107422,9.345134735107422,9.297333049401018,9.31326714724438,27352876
2014-01-23,9.321234703063965,9.361069039401846,9.297333858131744,9.337168194469623,27619472
2014-01-24,9.345134735107422,9.36903497013694,9.289366304391178,9.289366304391178,42824140
2014-01-27,9.177830696105957,9.273433466417227,9.153930459395932,9.257499367453486,85301372
2014-02-05,8.891021728515625,8.98662447869452,8.85915414512266,8.98662447869452,230238436
2014-02-06,8.922889709472656,8.954757294285498,8.891022124659814,8.914922965225351,51415188
2014-02-07,9.018492698669434,9.03442679647636,8.970691620896012,8.98662571870294,64110096
2014-02-10,9.018492698669434,9.066294384266534,9.018492698669434,9.066294384266534,24080716
2014-02-11,9.074262619018555,9.074262619018555,9.018494179274088,9.018494179274088,22328312
2014-02-12,9.169861793518066,9.169861793518066,9.106127236126497,9.106127236126497,74418164
2014-02-13,9.145963668823242,9.169863905415664,9.137996315468712,9.153930414354049,32942784
2014-02-14,9.233598709106445,9.27343304296124,9.19376437525165,9.19376437525165,89315428
2014-02-17,9.233598709106445,9.28139978816746,9.233598709106445,9.257498944725103,61739836
2014-02-18,9.265467643737793,9.265467643737793,9.20969920354545,9.23360005045985,52354744
2014-02-19,9.265467643737793,9.27343439010133,9.24953354318693,9.257500289550467,53466752
2014-02-20,9.185797691345215,9.24953226124399,9.177830338262128,9.24953226124399,54949324
2014-02-21,9.273433685302734,9.313268021916729,9.273433685302734,9.305301276158678,69269712
2014-02-24,9.225632667541504,9.31326808714129,9.209698568090069,9.305301341327446,29472252
2014-02-25,9.265467643737793,9.28140113646487,9.23360005045985,9.28140113646487,34487972
2014-02-26,9.305302619934082,9.321236113751134,9.233600682109692,9.241567429018218,35814604
2014-02-27,9.28936767578125,9.313268522162936,9.28936767578125,9.28936767578125,14705832
2014-03-03,9.233598709106445,9.265466297755022,9.161896786603073,9.209697865664088,32083740
2014-03-04,9.19376277923584,9.2415638499987,9.19376277923584,9.225630362352277,24742744
2014-03-05,9.28936767578125,9.313268522162936,9.273434183409309,9.273434183409309,27606472
2014-03-06,9.4248046875,9.432771433597436,9.297334318645952,9.297334318645952,104906556
2014-03-07,9.464637756347656,9.52837232440239,9.44870365846621,9.44870365846621,121579216
2014-03-10,9.408866882324219,9.464635298692528,9.392933396403858,9.448701204948643,31723268
2014-03-11,9.456672668457031,9.472606770154844,9.424805680709063,9.440739174583047,19870876
2014-03-12,9.369034767150879,9.400902354323488,9.361068022313644,9.377001511988114,10686956
2014-03-13,9.520405769348145,9.528372514535999,9.440737101822219,9.440737101822219,102771300
2014-03-14,9.4248046875,9.44870492579231,9.416837333578798,9.4248046875,53798460
2014-03-17,9.408866882324219,9.432767719028282,9.38496665344368,9.424800976068104,35932728
2014-03-18,9.464637756347656,9.48057124640542,9.432770168408448,9.464637756347656,59453116
2014-03-19,9.440735816955566,9.472603401193556,9.392934744510386,9.464636657089962,39421576
2014-03-20,9.321234703063965,9.353102293699017,9.289367112428915,9.353102293699017,73931636
2014-03-21,9.321234703063965,9.345135547996188,9.305301211658307,9.345135547996188,16571936
2014-03-24,9.345134735107422,9.345134735107422,9.281399559381338,9.31326714724438,45385080
2014-03-25,9.4248046875,9.4248046875,9.321235164762028,9.321235164762028,19660108
2014-03-26,9.512439727783203,9.512439727783203,9.456671291695718,9.472605391073746,39920680
2014-03-27,9.528373718261719,9.536340464456016,9.472605887077862,9.480572633272159,45032628
2014-03-28,9.544307708740234,9.57617469315104,9.528373608711066,9.536340354813767,80659560
2014-03-31,9.57617473602295,9.584142089985086,9.544307751469477,9.56820798988458,68747604
2014-04-01,9.655842781066895,9.655842781066895,9.59210820830769,9.600074953924626,115344888
2014-04-02,9.687712669372559,9.743481117567343,9.687712669372559,9.687712669372559,76419420
2014-04-03,9.663812637329102,9.711613731234396,9.663812637329102,9.687712880369805,50481320
2014-04-07,9.639908790588379,9.639908790588379,9.608041201947314,9.623975300179694,45521276
2014-04-08,9.687712669372559,9.703646772209872,9.631944829001647,9.631944829001647,56047548
2014-04-09,9.719578742980957,9.735512235495678,9.68771115012774,9.68771115012774,48268256
2014-04-10,9.751446723937988,9.767380217086856,9.703645636667586,9.759413470512422,53947896
2014-04-11,9.74347972869873,9.74347972869873,9.687711288453368,9.687711288453368,60076540
2014-04-14,9.727546691894531,9.75144754144535,9.703646450167568,9.735513439136852,53588012
2014-04-15,9.775346755981445,9.79128085661559,9.751446516765911,9.751446516765911,55573664
2014-04-16,9.767378807067871,9.799246396589002,9.735511217546742,9.775345552492226,28198764
2014-04-17,9.74347972869873,9.78331406837808,9.73551237450383,9.767379967812069,14127132
2014-04-18,9.80721378326416,9.86298222052852,9.799247037318896,9.839081374868973,28291008
2014-04-21,9.80721378326416,9.823147882978445,9.791280291373631,9.791280291373631,13622592
2014-04-22,9.839080810546875,9.870948400323917,9.807213220769833,9.807213220769833,36551020
2014-04-23,9.823148727416992,9.886883308281751,9.799247879702829,9.855015713937469,21948456
2014-04-24,9.839080810546875,9.847047556035205,9.815179966258166,9.831114065058545,18072820
2014-04-25,9.67177677154541,9.847047604445224,9.655842672666695,9.823147367862735,91612672
2014-04-28,9.759413719177246,9.799248060888173,9.608043099110958,9.608043099110958,33931452
2014-04-29,9.775346755981445,9.799247603020767,9.735512416131767,9.759413263171089,26075860
2014-04-30,9.719578742980957,9.791280674944753,9.68771115012774,9.783313928687393,22392560
2014-05-02,9.767378807067871,9.823147240685778,9.74347857079481,9.74347857079481,30587352
2014-05-05,9.751446723937988,9.815181304357258,9.719579129816452,9.807214557782824,27383572
2014-05-06,9.80721378326416,9.839081374868973,9.735511854109271,9.799247037318896,41254052
2014-05-07,9.78331470489502,9.815181692452784,9.751447109513428,9.799248198673903,31511704
2014-05-08,9.855013847351074,9.855013847351074,9.783312533436765,9.815179513921485,15325912
2014-05-09,9.791279792785645,9.855014364926046,9.791279792785645,9.831114128307291,15729556
2014-05-12,9.74347972869873,9.799247561120307,9.73551237450383,9.799247561120307,15734644
2014-05-13,9.791279792785645,9.839080873846877,9.775345693882752,9.815180029404399,22442856
2014-05-14,9.847046852111816,9.847046852111816,9.791279029856387,9.815179264612853,42958252
2014-05-15,9.839080810546875,9.855014301523537,9.807213220769833,9.839080810546875,35614296
2014-05-16,9.855013847351074,9.855013847351074,9.783312533436765,9.823146866866356,36554592
2014-05-19,9.855013847351074,9.878914690538306,9.847047102229896,9.855013847351074,28663524
2014-05-20,9.894850730895996,9.92671832741737,9.862983742198471,9.862983742198471,39787544
2014-05-21,9.847046852111816,9.910782027109743,9.839080107192995,9.87891443961078,26096820
2014-05-22,9.982484817504883,9.982484817504883,9.870948555444322,9.87891530105785,58661756
2014-05-23,9.998416900634766,10.02231774193307,9.982483411651657,10.014350389617874,53794872
2014-05-26,10.046220779418945,10.054187526134106,10.014353184734487,10.014353184734487,34575520
2014-05-27,10.054186820983887,10.070120921120484,10.030286582514647,10.046220074827472,32137008
2014-05-28,10.149792671203613,10.16572616834034,10.062157221303703,10.062157221303703,46588340
2014-05-29,10.101988792419434,10.149789878501158,10.101988792419434,10.149789878501158,38179360
2014-05-30,10.054186820983887,10.109955259726322,10.054186820983887,10.101988513569907,26862760
2014-06-03,10.062152862548828,10.109953941076343,10.006384431080319,10.062152862548828,20440552
2014-06-04,10.101988792419434,10.125889031548402,10.086054691843,10.101988792419434,13560892
2014-06-05,10.101988792419434,10.101988792419434,10.054187098513921,10.086054691843,6812636
2014-06-06,10.125887870788574,10.15775546046458,10.101987634399359,10.141821969538436,13957396
2014-06-09,10.165722846984863,10.173689592950323,10.133855255299267,10.133855255299267,15579336
2014-06-10,10.229458808898926,10.24539351863694,10.173690971758909,10.173690971758909,27372536
2014-06-11,10.221490859985352,10.237424351254699,10.205557368716004,10.229456997796294,20154180
2014-06-12,10.197589874267578,10.213523365316632,10.181656383218524,10.197589874267578,18032364
2014-06-13,10.173688888549805,10.181656241787381,10.149788652308217,10.181656241787381,13289272
2014-06-16,10.181654930114746,10.197588418889808,10.133853248142293,10.17368757790358,10421744
2014-06-17,10.253357887268066,10.269291378606946,10.173689214926206,10.181656568419378,15414832
2014-06-18,10.277257919311523,10.325059605195177,10.245390939154003,10.261324429232763,38138276
2014-06-19,10.348958969116211,10.364893674436816,10.285225010423149,10.301158500096415,39733108
2014-06-20,10.317093849182129,10.372861680913061,10.3091264950859,10.348960834271931,14230668
2014-06-23,10.309124946594238,10.356926632696402,10.293191456442642,10.32505965239321,55001788
2014-06-24,10.325061798095703,10.364896139576553,10.30912708898526,10.333027937003296,31853352
2014-06-25,10.301158905029297,10.325059748302394,10.293191552055802,10.301158905029297,30064760
2014-06-26,10.412693977355957,10.420661329889166,10.317091825194048,10.317091825194048,36832072
2014-06-27,10.412693977355957,10.412693977355957,10.277257493822642,10.412693977355957,36900676
2014-06-30,10.50829792022705,10.51626527411797,10.388794905748437,10.404729613530273,30338020
2014-07-01,10.603899955749512,10.635766935965364,10.492363093699279,10.508296583807205,38459168
2014-07-02,10.691535949707031,10.763238486648092,10.61983462841348,10.6437354740605,46562328
2014-07-03,10.787138938903809,10.803073647648127,10.659669778482469,10.691536764675904,32460236
2014-07-04,10.787138938903809,10.819007140744844,10.731371105241497,10.803073647648127,28324140
2014-07-07,10.771203994750977,10.787137485701194,10.723403521900323,10.755270503800759,22060044
2014-07-08,10.795106887817383,10.8190077366026,10.771206039032165,10.803074242628345,22024792
2014-07-09,10.811037063598633,10.811037063598633,10.755269243981521,10.77917008543094,12519380
2014-07-10,10.890707969665527,10.906641462033889,10.803073153815761,10.803073153815761,22510148
2014-07-11,10.88274097442627,10.946474938881472,10.858840129931846,10.890707112159447,31201832
2014-07-14,10.946475982666016,10.962410690946696,10.87477465799322,10.87477465799322,12310112
2014-07-15,10.986310005187988,11.002244713009054,10.954443020840918,10.986310005187988,15824528
2014-07-16,10.890707969665527,10.9942774935312,10.85087363092085,10.986310139523246,20011892
2014-07-17,10.755270957946777,10.834939631709346,10.723403974700746,10.826972278074095,32051912
2014-07-18,10.755270957946777,10.771204449569794,10.67560228418421,10.683569637819462,25500700
2014-07-21,10.755270957946777,10.826972278074095,10.755270957946777,10.795105294828062,21237792
2014-07-22,10.850872039794922,10.866805529826864,10.755269883955897,10.787136864019782,16624504
2014-07-23,10.850872039794922,10.85087203979492,10.85087203979492,10.85087203979492,0
2014-07-24,10.898674964904785,10.898674964904785,10.850873273725716,10.88274147306093,15397320
2014-07-25,10.779170989990234,10.898673991618402,10.747302793500952,10.898673991618402,22193732
2014-07-28,10.755270957946777,10.803072648463313,10.723403974700746,10.747303604311526,11059612
2014-07-29,10.747304916381836,10.826973599870648,10.707470574637428,10.795106612734177,28816012
2014-07-30,10.811037063598633,10.82697055268248,10.74730189161595,10.74730189161595,11201848
2014-07-31,10.635766983032227,10.811037806289798,10.611866139940881,10.811037806289798,44525940
2014-08-01,10.556097984313965,10.564065336976157,10.50033016262064,10.508296299635493,51327168
2014-08-04,10.611865997314453,10.62779948727874,10.532197331845655,10.548130821809941,15017540
2014-08-05,10.396761894226074,10.58000008644921,10.372861049040885,10.58000008644921,78325536
2014-08-06,10.468462944030762,10.476430297436083,10.364894643646315,10.40472897937801,27441640
2014-08-07,10.468462944030762,10.50033114200459,10.420662470541199,10.476430297436083,24022376
2014-08-08,10.468462944030762,10.468462944030762,10.364894643646315,10.428628608299066,57004784
2014-08-11,10.524232864379883,10.540166356872055,10.476431171255816,10.51626551031002,32334988
2014-08-12,10.532198905944824,10.56406710628365,10.49236456725695,10.516265413599182,17441528
2014-08-13,10.635766983032227,10.635766983032227,10.524231336135783,10.540164826314221,20869076
2014-08-14,10.691535949707031,10.715436795354051,10.667635104060013,10.675602457824855,23940532
2014-08-15,10.691535949707031,10.715436795354051,10.635768120295657,10.691535949707031,15558608
2014-08-18,10.659668922424316,10.691535906058574,10.611867231325428,10.691535906058574,9724624
2014-08-19,10.795106887817383,10.795106887817383,10.675603859538962,10.723405557109396,26919036
2014-08-20,10.834939002990723,10.842906356163653,10.787137315247973,10.787137315247973,33849004
2014-08-21,10.81900405883789,10.850871035953682,10.803070570279994,10.834937547395786,12209536
2014-08-22,10.954442024230957,10.986309005678843,10.850872511054199,10.850872511054199,30161096
2014-08-25,10.938508033752441,10.978342366566071,10.93054068093077,10.954441523748422,11821700
2014-08-26,10.930542945861816,10.962411148104588,10.922576807036835,10.930542945861816,6936016
2014-08-27,11.034111022949219,11.058011867572462,10.986309333702732,10.986309333702732,30456244
2014-08-28,11.050044059753418,11.065977550297886,11.026143216113015,11.034110569208952,15581340
2014-08-29,11.026144027709961,11.042078735074732,10.970376198875744,11.002244397957792,9728664
2014-09-01,11.121747016906738,11.14564664581567,11.034110992082482,11.034110992082482,21095900
2014-09-02,10.954442024230957,11.105812009579545,10.930541180321333,11.105812009579545,70966280
2014-09-03,11.034111022949219,11.065978005348574,10.970375842503055,10.97834319592662,27633444
2014-09-04,10.994277000427246,11.018177845731586,10.962410017119787,10.994277000427246,21553352
2014-09-05,10.994277000427246,11.042078691035925,10.938509171815447,11.042078691035925,29639580
2014-09-09,11.034111022949219,11.073945358772141,11.034111022949219,11.058011867572462,29642132
2014-09-10,10.938508033752441,10.98630850374038,10.842905878129201,10.98630850374038,71419504
2014-09-11,10.898674964904785,10.94647544043635,10.898674964904785,10.94647544043635,34709888
2014-09-12,10.795106887817383,10.898676422121547,10.771206039032165,10.898676422121547,78039360
2014-09-15,10.795106887817383,10.795106887817383,10.699504708324179,10.699504708324179,52502792
2014-09-16,10.70746898651123,10.77917152040486,10.699502848732463,10.77917152040486,72121148
2014-09-17,10.787138938903809,10.866807620034997,10.747304598338214,10.755271952710373,66063636
2014-09-18,10.811037063598633,10.842905257413621,10.771202733065367,10.787136222149215,64927364
2014-09-19,10.834939002990723,10.87477333756054,10.811038159119347,10.866805984387609,48468104
2014-09-22,10.667635917663574,10.731371105700774,10.603901945273977,10.731371105700774,108231200
2014-09-23,10.643733978271484,10.675600957557497,10.619833135983306,10.659667467914492,59215200
2014-09-24,10.603899955749512,10.643734288843014,10.564065622656008,10.603899955749512,100792480
2014-09-25,10.50829792022705,10.651701780730892,10.468463582067512,10.627800934705665,92224128
2014-09-26,10.452529907226562,10.49236424468981,10.396762077907518,10.436596415370765,92688036
2014-09-29,10.420661926269531,10.468462397262472,10.38879372996018,10.460496259920678,68717704
2014-09-30,10.404728889465332,10.460496715878298,10.30115937432843,10.404728889465332,82815552
2014-10-01,10.436596870422363,10.460497717071926,10.33302734537263,10.364895546121232,70031836
2014-10-02,10.436596870422363,10.476431209622449,10.34099469947167,10.356928192022192,45949580
2014-10-03,10.627799987792969,10.627799987792969,10.452529158636738,10.4843973557135,64955664
2014-10-06,10.619834899902344,10.627801038223328,10.540166222807274,10.619834899902344,26631048
2014-10-07,10.532198905944824,10.556099752287057,10.468463720914714,10.556099752287057,45256740
2014-10-08,10.468462944030762,10.524231986573099,10.468462944030762,10.484397650841403,32425012
2014-10-09,10.516263961791992,10.587965275272534,10.468462275706715,10.53219745193796,60014640
2014-10-13,10.197589874267578,10.285225898508543,10.165722284345748,10.221490718664882,78682744
2014-10-14,10.285228729248047,10.293194869141324,10.197592680887558,10.197592680887558,51656992
2014-10-15,10.213523864746094,10.325060738838385,10.189623627003819,10.269291693968487,57649820
2014-10-16,10.197589874267578,10.25335770076299,10.078086867928505,10.141822047772166,98880708
2014-10-17,10.09402084350586,10.261325546670419,10.09402084350586,10.237424701125837,62958904
2014-10-20,10.293193817138672,10.293193817138672,10.181658144849935,10.237425980994304,43534152
2014-10-21,10.245390892028809,10.285225224866172,10.229456186375971,10.261324382034282,28948044
2014-10-22,10.404728889465332,10.428628518179858,10.356927200741396,10.372860691766894,37369648
2014-10-23,10.364895820617676,10.404730160872706,10.356928466307634,10.404730160872706,28353020
2014-10-24,11.104613304138184,11.245512309350877,11.060582323018,11.245512309350877,90013828
2014-10-27,11.139839172363281,11.175064094631985,11.095808187492281,11.166258032029686,32312876
2014-10-28,11.333575248718262,11.333575248718262,11.271932138579212,11.271932138579212,44714252
2014-10-29,11.448057174682617,11.448057174682617,11.359995196415829,11.377607323325357,37614600
2014-10-30,11.41283130645752,11.439248821225338,11.368800323552543,11.42163669680714,36335032
2014-10-31,11.500894546508789,11.500894546508789,11.39521910085337,11.448056823681078,66436524
2014-11-03,11.553730010986328,11.606567729631232,11.500893636060427,11.500893636060427,42429088
2014-11-04,11.562538146972656,11.632987999132965,11.544926019862372,11.580150274082941,44120760
2014-11-05,11.536118507385254,11.597761619978613,11.509699646639794,11.588956228876176,42159592
2014-11-06,11.465667724609375,11.571341815251326,11.439248866019147,11.544924300380064,84561328
2014-11-07,11.483280181884766,11.492086916243052,11.395218213177923,11.44805593188963,42609524
2014-11-10,11.65060043334961,11.677019296571013,11.492088597740384,11.518507460961787,65499040
2014-11-11,11.615374565124512,11.685824417508147,11.615374565124512,11.66821229034203,60368036
2014-11-12,11.448057174682617,11.59776226899233,11.43044504777309,11.580150142082802,75202640
2014-11-13,11.562538146972656,11.562538146972656,11.448057305177052,11.448057305177052,43378952
2014-11-14,11.571344375610352,11.588957847713765,11.50089586207375,11.50089586207375,44239136
2014-11-17,11.465667724609375,11.641791656918949,11.412831351147883,11.63298626653485,69847752
2014-11-18,11.430442810058594,11.55372901800895,11.412830686596955,11.500892647624035,39762432
2014-11-19,11.597762107849121,11.641793096370733,11.474475877476257,11.474475877476257,73940996
2014-11-20,11.729856491088867,11.747468619882294,11.632989110865369,11.632989110865369,83051088
2014-11-21,11.738662719726562,11.765081583633913,11.703437119943684,11.729855983851035,47790932
2014-11-24,11.765080451965332,11.83552895731626,11.756273716936914,11.782692578303065,52791784
2014-11-25,11.773885726928711,11.809111322975195,11.70343587855484,11.738661474601322,52769520
2014-11-26,11.773885726928711,11.782692461870106,11.738661474601322,11.756273600765017,35637820
2014-11-27,11.88836669921875,11.950009813359767,11.826723585077735,11.826723585077735,66114548
2014-11-28,11.88836669921875,11.923590951951015,11.861947837809998,11.89717343426137,37528188
2014-12-01,11.765080451965332,11.879559945020144,11.650599615191414,11.677018476557565,85131784
2014-12-02,11.588956832885742,11.712243064498063,11.562537970763346,11.685824202375667,78958344
2014-12-03,11.773885726928711,11.8003045880338,11.571342916748492,11.58895638663128,47463516
2014-12-04,11.817915916442871,11.879559025714203,11.817915916442871,11.844334775764585,45464460
2014-12-05,11.773885726928711,11.817916714197494,11.756273600765017,11.817916714197494,17272076
2014-12-08,11.685823440551758,11.809111007845843,11.685823440551758,11.809111007845843,30532132
2014-12-09,11.659405708312988,11.677019179430031,11.624181453517279,11.66821244387151,18483124
2014-12-10,11.500894546508789,11.650599636228488,11.474475685094934,11.615374039770312,51407196
2014-12-11,11.492086410522461,11.50969853474499,11.395217711720134,11.456862162077403,27680612
2014-12-12,11.500894546508789,11.536118799247856,11.474475685094934,11.492087811464467,17910008
2014-12-15,11.465667724609375,11.465667724609375,11.359993633967425,11.404024617044819,42249924
2014-12-16,11.368802070617676,11.448057314538351,11.368802070617676,11.412833060288978,50844120
2014-12-17,11.192676544189453,11.368801160636888,11.166258355616986,11.368801160636888,78301628
2014-12-18,11.219094276428223,11.289543444063291,11.210288214456272,11.263125258147438,34374168
2014-12-19,11.483280181884766,11.500893650601338,11.377606088180356,11.395218213177923,68770432
2014-12-22,11.624181747436523,11.624181747436523,11.500895508815038,11.509700900877016,29775832
2014-12-23,11.588956832885742,11.6770188108143,11.580150097605229,11.650599948691903,20968028
2014-12-24,11.677018165588379,11.694630291457084,11.597761583600596,11.606568318394485,27829716
2014-12-25,11.677018165588379,11.694630291457084,11.650599304925784,11.685823556663196,17671056
2014-12-26,11.703436851501465,11.712243587174992,11.659405860572235,11.685824723873614,85253588
2014-12-29,11.835528373718262,11.853141842906599,11.721048886308319,11.729854277183446,44405508
2014-12-30,11.773885726928711,11.879559827629972,11.773885726928711,11.826723449138889,34335628
2014-12-31,11.773885726928711,11.8003045880338,11.72985473965993,11.765080335706411,29675536
2015-01-05,11.721046447753906,11.756270691364122,11.62417776224767,11.694627593186864,25182448
2015-01-06,11.430442810058594,11.58014787506085,11.404023953006693,11.58014787506085,78007304
2015-01-07,11.448057174682617,11.492088163816012,11.395219450234883,11.395219450234883,27966168
2015-01-08,11.71224308013916,11.729855207004563,11.536119124046843,11.536119124046843,52614100
2015-01-09,11.65060043334961,11.791498797665096,11.632988305775072,11.78269340573743,23567924
2015-01-12,11.580151557922363,11.65060141789313,11.5625394288595,11.588958294313452,36241316
2015-01-13,11.615374565124512,11.69463115295079,11.518507193851288,11.55373144818352,24606508
2015-01-14,11.553730010986328,11.632986588953683,11.518505761035728,11.624179854606531,28820956
2015-01-15,11.588956832885742,11.615374351288994,11.509700246518554,11.562537970763346,14102160
2015-01-16,11.536118507385254,11.694630328138944,11.509699646639794,11.668211467393483,37270636
2015-01-19,11.668210983276367,11.756272952961472,11.632986732889933,11.677017717732486,70365356
2015-01-20,11.756272315979004,11.782691174196902,11.685822475304253,11.712241333522153,40390900
2015-01-21,11.844335556030273,11.853142290957338,11.800304568833134,11.835528821103209,70224444
2015-01-22,11.905980110168457,11.958817838686835,11.879561245909269,11.888367981902084,64500140
2015-01-23,12.099713325500488,12.099713325500488,12.020458095326568,12.020458095326568,143438740
2015-01-26,12.099713325500488,12.126132183464772,12.055682343466325,12.073295811255138,81841336
2015-01-27,12.178970336914062,12.196582461616643,12.117327228595537,12.1525514780007,144869392
2015-01-28,12.178970336914062,12.187775727405862,12.117327228595537,12.117327228595537,143974480
2015-01-29,12.029264450073242,12.161357392012324,12.002845592941648,12.161357392012324,79161816
2015-01-30,11.976428985595703,12.08210309025419,11.976428985595703,12.08210309025419,17057896
2015-02-02,12.002848625183105,12.03807288111123,11.958817633413336,12.01165401730552,23243836
2015-02-03,12.090909004211426,12.126133255465152,11.994040297685098,12.038071283611783,66582092
2015-02-04,12.223000526428223,12.240612649986582,12.161357422114516,12.187774935592609,81430672
2015-02-05,12.170164108276367,12.196582968287222,12.117327731973694,12.161358717418773,19134272
2015-02-06,12.108521461486816,12.187776700838004,12.090909335377562,12.17016457472875,16431592
2015-02-09,12.064491271972656,12.108522262016352,12.02046028192896,12.108522262016352,14049076
2015-02-10,12.02046012878418,12.064491118266906,12.011653393399971,12.055684382882696,32092364
2015-02-11,12.15255355834961,12.196584549503049,12.099715831477795,12.099715831477795,28797600
2015-02-12,12.15255355834961,12.187777813784678,12.117329302914541,12.15255355834961,37241548
2015-02-13,12.231806755065918,12.267032348316903,12.21419463029992,12.21419463029992,30399688
2015-02-24,12.372709274291992,12.407933531891228,12.319871544173846,12.319871544173846,58198800
2015-02-25,12.469574928283691,12.487187052747238,12.425543945265344,12.451961460101181,93015684
2015-02-26,12.381512641906738,12.443155747793774,12.337481660027581,12.425543623785897,34754532
2015-03-02,12.3286771774292,12.425545892739526,12.284646187509809,12.381514902820136,26357504
2015-03-03,12.31106185913086,12.346286104448442,12.240612024776867,12.33748071497846,20271732
2015-03-04,12.319868087768555,12.337481555345914,12.240612858546111,12.24941959233479,25658840
2015-03-05,12.275835990905762,12.328673701399277,12.214192891142524,12.319866968410759,15047544
2015-03-06,12.293451309204102,12.311063434116058,12.205389340925331,12.249420325064717,12269192
2015-03-09,12.170164108276367,12.240613953732302,12.134939857407918,12.231807219155671,29859988
2015-03-10,12.143746376037598,12.161359846826597,12.082103259433586,12.152553111432098,27833500
2015-03-11,12.161357879638672,12.17897000385962,12.029264932403143,12.038070322654145,40156992
2015-03-12,12.267033576965332,12.267033576965332,12.117328485881615,12.126133877287055,22841224
2015-03-13,12.231806755065918,12.284644473082903,12.231806755065918,12.267032348316903,18110704
2015-03-16,12.134939193725586,12.2141944257045,12.126132459630611,12.2141944257045,24319908
2015-03-17,12.178970336914062,12.284644428848532,12.1525514780007,12.187775727405862,28385376
2015-03-18,12.31106185913086,12.355092837637251,12.187774313081666,12.187774313081666,74484372
2015-03-19,12.443159103393555,12.487190097146739,12.372709244644602,12.416740238397786,49954352
2015-03-20,12.425542831420898,12.443154954305667,12.399123975234323,12.443154954305667,17996276
2015-03-23,12.460768699645996,12.48718755927244,12.407930980393104,12.425544449290081,30400712
2015-03-24,12.41673755645752,12.47838066565358,12.390318697168066,12.425544290793672,18018840
2015-03-25,12.372709274291992,12.4343523969503,12.34629040923292,12.416740268150683,17835032
2015-03-26,12.223000526428223,12.275836897103304,12.178969545672876,12.223000526428223,38032500
2015-03-27,12.108521461486816,12.2230022967756,12.090909335377562,12.2230022967756,40057776
2015-03-30,12.117326736450195,12.13493886043746,12.073295754622569,12.108520002597098,41414268
2015-03-31,12.161357879638672,12.19658212808057,12.11732689722683,12.152551145668726,30572136
2015-04-01,12.090909004211426,12.126133255465152,12.064490143911605,12.099714395165332,32936868
2015-04-02,12.240614891052246,12.284645879868982,12.134940786635912,12.134940786635912,31203732
2015-04-07,12.258227348327637,12.27583947558534,12.214196358323788,12.249421956558374,13791888
2015-04-08,12.15255355834961,12.258227668374024,12.126134694913702,12.258227668374024,20279520
2015-04-09,12.170164108276367,12.302257064611608,12.14374524826551,12.152551982842143,24822068
2015-04-10,12.267033576965332,12.293452438619898,12.2318079801862,12.275838968370772,18401804
2015-04-13,12.302255630493164,12.31986775387428,12.267031383730933,12.311062364043163,16799036
2015-04-14,12.240614891052246,12.302258006651847,12.240614891052246,12.302258006651847,18250424
2015-04-15,12.090909004211426,12.240614087618344,12.046878018284742,12.196583101691658,69067668
2015-04-16,12.275835990905762,12.275835990905762,12.134937669121047,12.14374305839077,63097896
2015-04-17,12.161357879638672,12.24941984446236,12.134939021447778,12.24941984446236,36948764
2015-04-20,12.143746376037598,12.178971973896434,12.07329786775825,12.099715386503423,38286004
2015-04-21,12.143746376037598,12.205390836360772,12.12613424896776,12.161359846826597,11457452
2015-04-22,12.267033576965332,12.293452438619898,12.196583727126193,12.205390462250756,45247916
2015-04-23,12.592862129211426,12.592862129211426,12.35509507104006,12.363900462101773,97336372
2015-04-24,12.716151237487793,12.830632097003608,12.6280892445863,12.6280892445863,106108680
2015-04-27,12.813015937805176,12.909884637021868,12.7865970794989,12.857046920409317,53126644
2015-04-28,12.786598205566406,12.874660178529975,12.742567219084622,12.83062919204819,65861048
2015-04-29,12.645699501037598,12.804209972959239,12.610473906606876,12.768985722247548,40298736
2015-04-30,12.584054946899414,12.64569940073447,12.531218571250966,12.61047380658315,27122128
2015-05-04,12.610472679138184,12.619279412818399,12.478379736248359,12.584053821816438,21525504
2015-05-05,12.540023803710938,12.575249397417618,12.487187428729426,12.575249397417618,27204200
2015-05-06,12.557636260986328,12.575248384561622,12.41673658494619,12.469574299390965,26413952
2015-05-07,12.407929420471191,12.469573866422646,12.355093051579896,12.469573866422646,40816896
2015-05-08,12.41673755645752,12.443156415746975,12.407930822121369,12.407930822121369,22589184
2015-05-11,12.47838020324707,12.540023310158846,12.381512847733982,12.50479906155753,44889028
2015-05-12,12.451961517333984,12.478380376010215,12.425544002376725,12.434349392789487,36256088
2015-05-13,12.522411346435547,12.540023470962048,12.451961504610576,12.451961504610576,27496332
2015-05-14,12.346288681030273,12.495993770450617,12.328676554695958,12.478381644116302,66081056
2015-05-15,12.3286771774292,12.39032029457251,12.27583945203826,12.381514902820136,46571468
2015-05-18,12.372709274291992,12.381516010551449,12.328678280433303,12.337485016692758,12993168
2015-05-19,12.557636260986328,12.58405377448982,12.399124461370896,12.399124461370896,33833088
2015-05-20,12.469574928283691,12.548830160229132,12.469574928283691,12.548830160229132,30122424
2015-05-21,12.355093955993652,12.36389934626068,12.284644115262694,12.355093955993652,46271728
2015-05-22,12.451961517333984,12.495992500554712,12.36389955089253,12.36389955089253,24611032
2015-05-25,12.451961517333984,12.495992500554712,12.381513019155998,12.407930534113257,9564232
2015-05-26,12.50479793548584,12.610472015492658,12.46957369005651,12.540022180915168,30085248
2015-05-27,12.531217575073242,12.55763643265679,12.451961002322593,12.478379859906141,23249432
2015-05-28,12.592862129211426,12.663311976300479,12.548831142745652,12.6368931156772,23160576
2015-05-29,12.522411346435547,12.628085437313521,12.513605956031782,12.628085437313521,19600592
2015-06-01,12.41673755645752,12.531218384232488,12.372706572214764,12.522411649896338,31400892
2015-06-02,12.399127006530762,12.416739133721284,12.328677154049501,12.407932398266437,19469648
2015-06-03,12.319868087768555,12.399124660709916,12.311062697698793,12.381512536851474,26233216
2015-06-04,12.08210277557373,12.311064449469724,12.038071787802894,12.293452323105212,112729268
2015-06-05,12.055682182312012,12.082101039923142,12.011651200866432,12.064488916088694,60425224
2015-06-08,12.134939193725586,12.161358052291545,11.976427386048794,12.029265103180713,36376508
2015-06-09,12.038071632385254,12.082102619587628,11.976428519045749,12.064490493450498,73719804
2015-06-10,12.090909004211426,12.134939990138111,12.055683409238647,12.073296878584562,34667604
2015-06-11,12.126132011413574,12.134938745183026,12.046876782364164,12.117326621363036,29410284
2015-06-12,12.117326736450195,12.152550984424725,12.055682286916376,12.13493886043746,12703196
2015-06-15,12.090909004211426,12.152552115764975,12.064490143911605,12.117327864511248,15046464
2015-06-16,12.011651992797852,12.090908570856651,11.985234477163923,12.090908570856651,34726808
2015-06-17,12.064491271972656,12.108522262016352,12.01165354643255,12.01165354643255,22258320
2015-06-18,12.046876907348633,12.073295765212167,12.01165131562428,12.055682297490526,42753080
2015-06-22,12.21419620513916,12.223002940517151,12.108522099199073,12.108522099199073,45240660
2015-06-23,12.249419212341309,12.302255582277576,12.214193621998254,12.249419212341309,21245052
2015-06-24,12.267033576965332,12.275838968370772,12.22300258878076,12.258226841840768,24508192
2015-06-25,12.407929420471191,12.443155010117573,12.328674195274822,12.328674195274822,55261700
2015-06-26,12.407929420471191,12.407929420471191,12.355093051579896,12.407929420471191,19706932
2015-06-29,12.117326736450195,12.25822507206724,12.108520002597098,12.214194090239614,46304644
2015-06-30,12.223000526428223,12.223000526428223,12.117326441359168,12.117326441359168,16373960
2015-07-01,12.337482452392578,12.381513437099592,12.196582763842532,12.223001623410543,24252684
2015-07-02,12.346288681030273,12.3727075423913,12.302257693334932,12.36390080736459,17362688
2015-07-03,12.346288681030273,12.36390080736459,12.19658359160993,12.328676554695958,31049856
2015-07-06,12.205388069152832,12.337481007807218,12.18777460235716,12.249419048704295,30338536
2015-07-07,12.258227348327637,12.346289328335333,12.231808485581492,12.267034083816077,18827676
2015-07-08,11.88836669921875,12.187776878600319,11.87955996417613,12.187776878600319,151599060
2015-07-09,11.817915916442871,11.861946900739394,11.64179197925678,11.765079541518446,132332512
2015-07-10,11.817915916442871,11.817915916442871,11.817915916442871,11.817915916442871,0
2015-07-13,11.994040489196777,11.99404048919678,11.835528668585907,11.976428363288697,63226916
2015-07-14,11.994040489196777,12.099714588364334,11.985235098102276,12.029266084732013,38474128
2015-07-15,12.02046012878418,12.090909980700374,11.976429139301455,12.02926686416839,35462816
2015-07-16,12.08210277557373,12.14374588970908,12.01165292639657,12.08210277557373,27758332
2015-07-17,12.064491271972656,12.090910134742709,12.02926701742537,12.038072409202602,13728556
2015-07-20,11.976428985595703,12.187777194912675,11.941204731949256,12.152552941266228,31328176
2015-07-21,12.090909004211426,12.090909004211426,11.976428172058235,12.038071283611783,13454792
2015-07-22,11.941203117370605,12.029265083298945,11.923589649209767,12.011651615138108,56559756
2015-07-23,11.826725006103516,11.950011249198857,11.773887276937359,11.888368127651187,83924324
2015-07-24,11.756272315979004,11.844334280892705,11.712241333522153,11.809110032414802,79688192
2015-07-27,11.588956832885742,11.721049799778578,11.544925843921463,11.694630937656182,113785248
2015-07-28,11.597762107849121,11.677018693419503,11.536118992662688,11.580149981184302,70075120
2015-07-29,11.51850700378418,11.60656898188082,11.465669279438538,11.60656898188082,73970396
2015-07-30,11.71224308013916,11.721049815431435,11.544925859339118,11.553731250912245,29895572
2015-07-31,11.65060043334961,11.721050287366953,11.588957314979133,11.712243551720084,44678108
2015-08-03,11.492086410522461,11.606567233547317,11.430443303884136,11.606567233547317,63033688
2015-08-04,11.500894546508789,11.624180774814633,11.448056823681078,11.536118799247856,49241700
2015-08-05,11.571344375610352,11.624182104482065,11.50089586207375,11.544926854893756,39500416
2015-08-06,11.448057174682617,11.632987866530536,11.368801931730168,11.624181131216197,94483752
2015-08-07,11.395218849182129,11.448056570842882,11.30715687556026,11.359994597221014,27594688
2015-08-10,11.368802070617676,11.40402632486705,11.271933355853147,11.377607462320437,40330104
2015-08-11,11.368802070617676,11.588957018974183,11.342383208071062,11.500895039631581,69645700
2015-08-12,11.175064086914062,11.351187354416918,11.095808179829096,11.315963104032054,96875892
2015-08-13,11.192676544189453,11.25432032791094,11.157451620899966,11.175064418474475,64588420
2015-08-14,11.14864730834961,11.227903230229037,11.122229115629558,11.175066172929297,33620136
2015-08-17,11.078195571899414,11.148644741458801,11.04297065118998,11.148644741458801,55411544
2015-08-18,11.016551971435547,11.148644922344507,10.998939846724815,11.095807876352822,39366724
2015-08-19,10.849233627319336,11.007745430258849,10.796396583625986,10.99013330631422,70382588
2015-08-20,10.814009666442871,10.893264898156664,10.734753762869596,10.787590807965286,77317364
2015-08-21,10.532211303710938,10.69952917831994,10.532211303710938,10.673110319012386,112305968
2015-08-24,10.127124786376953,10.408922772558466,9.757264845531292,10.408922772558466,245269636
2015-08-25,10.567436218261719,10.567436218261719,10.127126375834148,10.127126375834148,173951984
2015-08-26,10.629081726074219,10.655500591325497,10.32967150314453,10.444151684894218,68495612
2015-08-27,10.593854904174805,10.68191687121912,10.567436045317715,10.673110137027097,73305896
2015-08-28,10.884459495544434,10.902072292883311,10.743560476131012,10.743560476131012,74739296
2015-08-31,10.972521781921387,10.98132784491408,10.778785708643973,10.79639783462936,75831660
2015-09-01,10.875652313232422,11.025357379974432,10.83162133220719,10.902071170591343,49362608
2015-09-02,10.937295913696289,10.972520834485062,10.734753794914939,10.761171981611907,72681908
2015-09-03,10.946104049682617,10.99013503834287,10.849235337142407,10.981328303123165,30175576
2015-09-04,10.805203437805176,11.016552299933538,10.805203437805176,10.946103127130424,63235844
2015-09-07,10.787590980529785,10.972520977252683,10.76117212162959,10.796397042876686,40622104
2015-09-08,10.822815895080566,10.85804081630587,10.761172114971414,10.831621957422021,38568992
2015-09-09,11.29835033416748,11.29835033416748,11.034164440198104,11.034164440198104,96009052
2015-09-10,11.175064086914062,11.236707196947087,11.122227039477254,11.236707196947087,40739132
2015-09-11,11.183869361877441,11.219094281641073,11.104613460374134,11.148644442113808,31845168
2015-09-14,11.21028995513916,11.27193307037394,11.139840104705495,11.254320943695308,17558684
2015-09-15,11.12222671508789,11.24551293155819,11.10461391854964,11.22790080687943,23071448
2015-09-16,11.25432014465332,11.271932270081516,11.16625817379331,11.210289159223315,29691268
2015-09-17,11.448057174682617,11.474476036906484,11.359995196415829,11.359995196415829,51639404
2015-09-18,11.421635627746582,11.448054483760565,11.36879925943745,11.448054483760565,14028932
2015-09-21,11.175064086914062,11.289544244383894,11.13103310207347,11.280738853647188,39950376
2015-09-22,11.236706733703613,11.26312559226263,11.192675750678239,11.192675750678239,17323500
2015-09-23,10.981328010559082,11.131033771131227,10.954909821182504,11.131033771131227,40182412
2015-09-24,10.919683456420898,11.06938852538611,10.902071332493035,11.016551481743061,29459824
2015-09-25,10.963715553283691,10.981327679002986,10.849234720529688,10.946103427564397,23928716
2015-09-29,10.963715553283691,10.963715553283691,10.963715553283691,10.963715553283691,0
2015-09-30,10.990133285522461,11.02535753334508,10.822815420927176,10.822815420927176,34296492
2015-10-01,11.201482772827148,11.219095570662324,10.954909649870556,11.025358825632637,47947396
2015-10-02,11.139839172363281,11.20148228243888,11.113420312696878,11.157451297567878,30287628
2015-10-05,11.166257858276367,11.271931951578617,11.139838999021055,11.236707029858033,21532752
2015-10-06,11.25432014465332,11.395218491797918,11.245513410079704,11.298351130083327,33202088
2015-10-07,11.421635627746582,11.421635627746582,11.254318445856077,11.254318445856077,34548176
2015-10-08,11.395218849182129,11.500894292503634,11.377606723201572,11.465668696823439,49441508
2015-10-12,11.544921875,11.606564969614455,11.456859927345443,11.456859927345443,69862572
2015-10-13,11.500894546508789,11.562537660661711,11.474475685094934,11.55373092561739,29959156
2015-10-14,11.45686149597168,11.500892475827499,11.439248029054257,11.500892475827499,28543832
2015-10-15,11.624181747436523,11.685824866747268,11.56253862812578,11.56253862812578,57431960
2015-10-16,11.580151557922363,11.624182552439178,11.55373269246841,11.615375816048088,32757704
2015-10-19,11.615374565124512,11.659405554899386,11.571343575349635,11.624181300567155,29644636
2015-10-20,11.615374565124512,11.64179342773327,11.588957046234922,11.624181300567155,18107092
2015-10-21,11.536118507385254,11.650599341469535,11.518506381461306,11.641792606648021,45993828
2015-10-22,11.536118507385254,11.553730633309204,11.492087520715845,11.500894255537357,32264944
2015-10-23,11.606566429138184,11.712240510868414,11.59775969577781,11.659402798143873,82751032
2015-10-26,11.724630355834961,11.77912044521314,11.706465606933122,11.715547981384042,48328160
2015-10-27,11.661059379577637,11.724633244847455,11.615650960573609,11.71555086815859,22892952
2015-10-28,11.579325675964355,11.670143916560153,11.55207992663034,11.661061538190024,20302760
2015-10-29,11.49758529663086,11.679222410296202,11.46125787389779,11.642894294675175,33655348
2015-10-30,11.479421615600586,11.524830719544505,11.406766772135137,11.497584980022978,23967300
2015-11-02,11.49758529663086,11.515749354441372,11.370439663509098,11.46125787389779,19325108
2015-11-03,11.679221153259277,11.697384516226908,11.588402259757483,11.588402259757483,37172988
2015-11-04,11.906266212463379,11.915347200721941,11.751874168534949,11.760956542569225,66205444
2015-11-05,11.879022598266602,11.924431704998678,11.851776857072162,11.924431704998678,23609368
2015-11-06,11.642894744873047,11.879022655324412,11.561158906673096,11.879022655324412,47662236
2015-11-09,11.56116008758545,11.688305045722785,11.552077710957306,11.624732566654117,22131276
2015-11-10,11.424932479858398,11.515750700865578,11.41585010344725,11.497586640931319,35388764
2015-11-11,11.288705825805664,11.443096533627953,11.252378396645103,11.424933165491712,65172616
2015-11-12,11.306869506835938,11.334115252682349,11.234214646504242,11.2977878225165,56855872
2015-11-13,11.188801765441895,11.343193118450708,11.179720084179696,11.225129183378549,81538236
2015-11-16,11.10706901550293,11.134314066830637,11.007168415303829,11.116150699278831,53719004
2015-11-17,11.325031280517578,11.370440388607687,11.26145880634663,11.26145880634663,34913792
2015-11-18,11.15247631072998,11.32503035303031,11.116148888655406,11.32503035303031,59925748
2015-11-19,11.315948486328125,11.315948486328125,11.179721175434397,11.252376018399557,40525304
2015-11-20,11.315948486328125,11.352275907810705,11.270539382696882,11.325030168476786,21686748
2015-11-23,11.370439529418945,11.39768526936943,11.28870369534339,11.370439529418945,13851312
2015-11-24,11.252378463745117,11.379524120121237,11.23421440261248,11.352278374866325,26393992
2015-11-25,11.252378463745117,11.279623516111945,11.170641920868462,11.23421440261248,23856544
2015-11-26,11.406767845153809,11.434013587238306,11.315949628722827,11.315949628722827,34569348
2015-11-27,11.252378463745117,11.424933233620703,11.225132718490205,11.424933233620703,25162904
2015-11-30,11.116148948669434,11.116148948669434,10.979921634820268,11.061658161707358,93074088
2015-12-01,11.334112167358398,11.343193849205658,11.161557440708812,11.206966542833024,33639916
2015-12-02,11.315948486328125,11.397685011441949,11.28870343988214,11.343194225662044,25444828
2015-12-03,11.334112167358398,11.36135721290018,11.206966542833024,11.243293963109975,24260312
2015-12-04,11.216050148010254,11.252377574516638,11.152477671290104,11.252377574516638,60194600
2015-12-07,11.352277755737305,11.443095977783203,11.297786961087375,11.297786961087375,59257732
2015-12-08,11.170639038085938,11.315948025207035,11.116148254526514,11.30686634342845,36803436
2015-12-09,11.03441333770752,11.143394920677823,11.025331654607996,11.11614987137925,64357768
2015-12-10,10.998085021972656,11.034412444317548,10.852776025481043,10.97083997487995,66464068
2015-12-11,10.870941162109375,11.025332559018068,10.86185947826488,10.998086814596515,55343128
2015-12-14,10.789204597473145,10.834613706565392,10.716549745770342,10.76195885486259,38114844
2015-12-15,10.798285484313965,10.907267060942493,10.7801214262839,10.84369459005718,27187368
2015-12-16,10.961758613586426,10.970840989678727,10.84369534615466,10.898186138268398,26121188
2015-12-17,11.088903427124023,11.088903427124023,10.9617577931166,10.998085216102716,30436996
2015-12-18,11.03441333770752,11.125231554478775,10.98900422932189,11.052576703906567,19572584
2015-12-21,11.016250610351562,11.034413977603922,10.880023277294724,10.907268328173263,17362548
2015-12-22,11.043492317199707,11.061656371839938,10.970838177302296,11.025328955447314,20554364
2015-12-23,11.061659812927246,11.134313975426087,11.043495752636497,11.070741496628596,29054268
2015-12-24,11.116148948669434,11.197885475556522,11.116148948669434,11.143393995706498,33825888
2015-12-25,11.188801765441895,11.188801765441895,11.11614762245645,11.11614762245645,26184032
2015-12-28,11.161559104919434,11.206968213814234,11.152477421718077,11.206968213814234,13797212
2015-12-29,11.079821586608887,11.152476431545109,11.043494164140775,11.152476431545109,15866208
2015-12-30,10.998085021972656,11.107067289007329,10.979921657244187,11.107067289007329,29049864
2015-12-31,11.03441333770752,11.070740762993623,10.98900422932189,10.998085912421416,15577916
2016-01-04,10.816451072692871,11.070742394277646,10.725632842539467,11.043496648076381,67712252
2016-01-05,10.725630760192871,10.852776396300344,10.68930333660674,10.807367290039673,87135876
2016-01-06,10.616649627685547,10.72563121012769,10.516749728298915,10.72563121012769,115758200
2016-01-07,10.416847229003906,10.589401947020907,10.298783985120181,10.589401947020907,159849204
2016-01-08,10.435012817382812,10.480421923905029,10.326030545996709,10.353276287065228,101802936
2016-01-11,10.271538734436035,10.34419357479554,10.17163884860765,10.335111892972579,97425076
2016-01-12,10.262458801269531,10.353277020749792,10.226131374899822,10.316949594380082,70599544
2016-01-13,10.380522727966309,10.44409520422814,10.307867875477339,10.353276985060939,47393728
2016-01-14,10.298786163330078,10.298786163330078,10.14439477544489,10.262458737187208,61949440
2016-01-15,10.298786163330078,10.44409517501353,10.217049627730628,10.371440322727793,83391512
2016-01-18,10.371439933776855,10.40776735855737,10.135312712035512,10.153476770869768,52057360
2016-01-19,10.398688316345215,10.398688316345215,10.289706707215643,10.353279197059864,32443260
2016-01-20,10.153475761413574,10.326029799411737,10.098984283216335,10.326029799411737,90753472
2016-01-21,10.1353120803833,10.226130290230621,10.098984657866783,10.189802867714103,41800220
2016-01-22,10.271538734436035,10.280620416258996,10.17163884860765,10.235211314256283,55774064
2016-01-25,10.45317554473877,10.498584648489057,10.353275655065723,10.353275655065723,51092780
2016-01-26,10.353275299072266,10.38052103754078,10.298784515023153,10.353275299072266,30335480
2016-01-27,10.398688316345215,10.435015750351129,10.344197511780429,10.425934065071694,36404484
2016-01-28,10.45317554473877,10.489502966316588,10.353275655065723,10.380521394471069,40899440
2016-01-29,10.71654987335205,10.73471324004998,10.398686105922117,10.444095215554965,80830444
2016-02-01,10.816451072692871,10.825532757130588,10.734714526977184,10.807369388255152,31870400
2016-02-02,10.780121803283691,10.81644922772629,10.716549330175138,10.798285861948987,18337108
2016-02-03,10.707468032836914,10.761958825018901,10.643894864551251,10.716549716052576,27961676
2016-02-15,10.71654987335205,10.73471324004998,10.55307680151859,10.589404227802472,28885644
2016-02-16,10.943595886230469,10.961759253699695,10.734713695894085,10.734713695894085,71289676
2016-02-17,10.889105796813965,10.989005710146769,10.889105796813965,10.970842341500115,49894088
2016-02-18,11.061659812927246,11.107068924322041,10.989004957540354,11.043495752636497,67946956
2016-02-19,11.05257511138916,11.088902531441004,11.007166009546332,11.043493429598175,45409724
2016-02-22,11.043492317199707,11.188801289882367,10.998083219930885,11.052573998075903,46457612
2016-02-23,11.05257511138916,11.107066587910879,11.025330066016206,11.07982084965002,19664720
2016-02-24,10.952675819396973,11.134312236610482,10.9345124548308,11.043494028003726,31057392
2016-02-25,11.09798526763916,11.143394373796257,10.989003690017318,11.007167055324967,67735880
2016-02-26,11.12523078918457,11.206967317233723,11.061658318972986,11.143394154134178,58052368
2016-03-01,11.234212875366211,11.252376934029517,11.097985553387375,11.125231294938338,68947384
2016-03-02,11.325031280517578,11.397686130616952,11.306867914436737,11.325031280517578,91482164
2016-03-03,11.434015274047852,11.497587757772905,11.325032982520197,11.325032982520197,130410920
2016-03-04,11.461257934570312,11.497585357495687,11.397685464116876,11.424931204532898,96203100
2016-03-07,11.461257934570312,11.570240203346437,11.424931204532898,11.479421992476981,85990856
2016-03-08,11.452178001403809,11.461259685300407,11.35227809276509,11.44309631750721,54539440
2016-03-09,11.461257934570312,11.470340309967627,11.37952209909817,11.452176252060958,32389496
2016-03-10,11.488504409790039,11.515750151948696,11.415849559292292,11.452176984541165,85411112
2016-03-11,11.542996406555176,11.57932383559741,11.452178180393627,11.479423925397324,90729384
2016-03-14,11.62473201751709,11.670141126960516,11.61565033420601,11.62473201751709,103327276
2016-03-15,11.452178001403809,11.64289613478465,11.44309631750721,11.624732766991452,75622432
2016-03-16,11.552077293395996,11.57932303651949,11.50666818344886,11.50666818344886,145109572
2016-03-17,11.679221153259277,11.788202716840818,11.633812052952322,11.724630253566234,80125676
2016-03-18,11.751874923706055,11.779120661783972,11.679221469866008,11.69738483332602,124480816
2016-03-21,11.733713150024414,11.815450375332592,11.661058300564699,11.7882046335632,24227168
2016-03-22,11.697386741638184,11.724632484160972,11.597486147646627,11.688304365538576,32722016
2016-03-23,11.68830394744873,11.779122162092118,11.67014058167525,11.697386323223462,47987940
2016-03-24,11.68830394744873,11.715549688996944,11.570240684145121,11.67014058167525,34123088
2016-03-25,11.63381290435791,11.715548736581855,11.615648847173084,11.715548736581855,15258532
2016-03-28,11.642894744873047,11.69738622752366,11.588403955110419,11.63381375494859,29387992
2016-03-29,11.56116008758545,11.679224054870753,11.533914343477132,11.624732566654117,42966584
2016-03-30,11.751874923706055,11.78820303640188,11.62472999371017,11.633812368328078,116474352
2016-03-31,11.742795944213867,11.879023272137982,11.706467825301813,11.82453178665792,64187836
2016-04-01,11.606566429138184,11.688302256179865,11.552074953926544,11.67013889303458,18617456
2016-04-06,11.334112167358398,11.497584519272815,11.325029792623228,11.497584519272815,35828700
2016-04-07,11.288705825805664,11.352278307170588,11.1888052223921,11.352278307170588,80898456
2016-04-08,11.397687911987305,11.406769596447122,11.22513313569832,11.22513313569832,27010928
2016-04-11,11.443097114562988,11.461260483621334,11.288706398902702,11.352278883495028,21421640
2016-04-12,11.434015274047852,11.533915188282123,11.397687843538634,11.452178642858408,11015460
2016-04-13,11.63381290435791,11.661057257915314,11.488503218431044,11.488503218431044,47386028
2016-04-14,11.670140266418457,11.733712737796287,11.64289452560626,11.697386007230653,32500628
2016-04-15,11.670140266418457,11.679222641947836,11.542994630774826,11.58840373686984,46693960
2016-04-18,11.59748649597168,11.661058973250206,11.59748649597168,11.633814615685175,8582916
2016-04-19,11.552077293395996,11.74279610948439,11.533913926572355,11.679223632713612,23364776
2016-04-20,11.379523277282715,11.64289556176215,11.361359217495421,11.533913974590524,35926052
2016-04-21,11.434015274047852,11.470342704557071,11.361360413029415,11.424933589642574,12388568
2016-04-22,11.479421615600586,11.51574903733331,11.406766772135137,11.434012511656666,10740744
2016-04-25,11.488504409790039,11.506667775970474,11.424931935270514,11.479422726699822,11457840
2016-04-26,11.533912658691406,11.606567503775354,11.46125781360746,11.46125781360746,19579076
2016-04-27,11.515748977661133,11.55207570631768,11.443094134572167,11.47942155611665,9880480
2016-04-28,11.334112167358398,11.542993621397025,11.288703065234186,11.533911939549766,41286844
2016-04-29,11.188801765441895,11.261456601315203,11.143392666243042,11.234210864640746,29067032
2016-05-03,11.03441333770752,11.188804029063451,11.025331654607996,11.188804029063451,38846508
2016-05-04,10.91634750366211,11.052574805419395,10.861856721536771,11.034411442340247,58016552
2016-05-05,10.9345121383667,10.943593820386946,10.834612250368137,10.916348081438281,58365476
2016-05-06,10.843697547912598,10.898188351090418,10.798288429783053,10.898188351090418,88018576
2016-05-09,10.843697547912598,10.898188351090418,10.789206744734775,10.880024980993863,57996284
2016-05-10,10.898184776306152,10.934512197471426,10.789203205698263,10.843693991002208,52610572
2016-05-11,10.870941162109375,10.95267770248597,10.816450366154333,10.934514334796978,76214200
2016-05-12,10.861857414245605,10.898184835608554,10.834612367889344,10.843694050008098,53589268
2016-05-13,10.743796348571777,10.816450513203542,10.716550603779819,10.816450513203542,118674476
2016-05-16,10.825530052185059,10.84369410941,10.734711844724151,10.74379421978059,26582164
2016-05-17,10.907265663146973,10.91634734455418,10.761956681968018,10.834611519001434,49379568
2016-05-18,10.889105796813965,10.898187481137292,10.761960137623076,10.843696682309226,34319828
2016-05-19,10.834614753723145,10.907268919559902,10.771041579116886,10.898187235441318,32201988
2016-05-20,10.898184776306152,10.952675561610098,10.825529933975607,10.870939037210217,32504416
2016-05-23,11.261458396911621,11.261458396911621,10.870939804379656,10.916348910818815,86657260
2016-05-24,11.143396377563477,11.23421460620829,11.143396377563477,11.216051237634566,25671360
2016-05-25,11.261458396911621,11.30686750335078,11.216049290472462,11.216049290472462,103435004
2016-05-26,11.288705825805664,11.288705825805664,11.225132651552661,11.270541764781344,104179588
2016-05-27,11.370439529418945,11.379521904661074,11.297785377697569,11.33411280000223,103038856
2016-05-30,11.470342636108398,11.506669373512732,11.352278660880005,11.370442029582172,107648932
2016-05-31,11.470342636108398,11.506669373512732,11.40676945987461,11.452178574518129,34715948
2016-06-01,11.57024097442627,11.597486023770031,11.434013649043436,11.434013649043436,100006512
2016-06-02,11.57024097442627,11.633814142004397,11.515750182850738,11.57024097442627,54885488
2016-06-03,11.59748649597168,11.624732239312783,11.552077385661864,11.552077385661864,47172268
2016-06-06,11.63381290435791,11.733712100878746,11.561158061394476,11.62473052932153,51965784
2016-06-07,11.788204193115234,11.797285182848407,11.679222615885584,11.679222615885584,123350308
2016-06-08,11.851778030395508,11.90626951817903,11.806368919167939,11.806368919167939,104258364
2016-06-13,11.579325675964355,11.706470658487923,11.570243990482412,11.679226294930285,38080492
2016-06-14,11.6519775390625,11.661058529313108,11.533913579596467,11.533913579596467,25647780
2016-06-15,11.670140266418457,11.697386007230653,11.552076313416235,11.65197690113564,90333460
2016-06-16,11.50666618347168,11.642893489635377,11.443093717750452,11.642893489635377,35996524
2016-06-17,11.63381290435791,11.697385372284963,11.59748478998826,11.59748478998826,23235888
2016-06-20,11.715550422668457,11.742796165922899,11.688304679414014,11.715550422668457,41230268
2016-06-21,11.760958671569824,11.797285402731468,11.706467189051393,11.715549564729786,72453344
2016-06-22,11.797286033630371,11.797286033630371,11.724632567421699,11.760959300526034,42227324
2016-06-23,11.770039558410645,11.779120547164382,11.724630457314579,11.770039558410645,128753308
2016-06-24,11.461257934570312,11.788204048010726,11.270539830322043,11.760958307594706,126660260
2016-06-27,11.579325675964355,11.579325675964355,11.443098315070657,11.479425749886614,19725056
2016-06-28,11.62473201751709,11.633814393716193,11.452177263054466,11.461258946365547,21382312
2016-06-29,11.751874923706055,11.806366399861892,11.65197573178809,11.65197573178809,36405632
2016-06-30,11.888102531433105,11.888102531433105,11.742794234272257,11.833612439663726,101380544
2016-07-01,12.033413887023926,12.060659629583714,11.924432302560803,11.9607590354565,122673720
2016-07-04,12.042495727539062,12.124231565807149,11.988004244843024,12.006167610483047,39958748
2016-07-05,12.006168365478516,12.033414108539855,11.960759255634969,12.024331732260723,23991848
2016-07-06,11.788204193115234,11.91534913558717,11.751876076854725,11.91534913558717,34922552
2016-07-07,11.933514595031738,11.942596972134709,11.869942112639489,11.888105481069248,26350232
2016-07-08,11.933514595031738,11.933514595031738,11.933514595031738,11.933514595031738,0
2016-07-11,12.169642448425293,12.21505156203882,12.11515095777859,12.11515095777859,88833128
2016-07-12,12.2786226272583,12.2786226272583,12.196886786494948,12.196886786494948,61589704
2016-07-13,12.287707328796387,12.333116445764757,12.18780671715546,12.324034068060573,37739664
2016-07-14,12.29678726196289,12.324033006953291,12.224133789690027,12.26046052582646,40439392
2016-07-15,12.442095756530762,12.442095756530762,12.314950806759834,12.314950806759834,62172584
2016-07-18,12.560160636901855,12.560160636901855,12.433014292033107,12.433014292033107,147391620
2016-07-19,12.578323364257812,12.587405740491885,12.496587521255366,12.569240988023742,68182348
2016-07-20,12.56924057006836,12.587405321932485,12.496587105715875,12.532913837892117,98872448
2016-07-21,12.632813453674316,12.696385922957345,12.596485338529801,12.61464870321411,39920284
2016-07-22,12.587404251098633,12.660057709270353,12.569239500779815,12.6328133553439,13060376
2016-07-25,12.532915115356445,12.705469189445822,12.414851145085539,12.623733340830043,46705892
2016-07-26,12.605567932128906,12.605567932128906,12.505667345970764,12.532913086357159,52849320
2016-07-27,12.66005802154541,12.705467126910746,12.623731291563509,12.650977031937895,44472784
2016-07-28,12.696833610534668,12.733608814911449,12.614087296360726,12.687639107998411,45809772
2016-07-29,12.604896545410156,12.72441668334724,12.604896545410158,12.660059362253953,77561492
2016-08-01,12.742803573608398,12.770384276003362,12.650864157934123,12.650864157934123,41629484
2016-08-02,12.742803573608398,12.761191176166424,12.7060269656082,12.733609070887312,28467896
2016-08-03,12.641670227050781,12.669252333577552,12.512955600438131,12.595700517134233,55204428
2016-08-04,12.669254302978516,12.67844740466034,12.568120364287429,12.66005979841226,42698796
2016-08-05,12.797967910766602,12.82555001934205,12.669253274593599,12.706028484104651,49691456
2016-08-08,12.88071346282959,12.917488670131789,12.816354745724393,12.871518959561923,31611788
2016-08-09,12.94507122039795,12.954264321096229,12.862324896807728,12.87151940039029,46273940
2016-08-10,12.98184585571289,12.98184585571289,12.880713335191874,12.926683045306214,25991192
2016-08-11,12.862321853637695,12.972650258988097,12.77038245110166,12.908291554905713,43613680
2016-08-12,12.908294677734375,12.963458893755135,12.880713972608286,12.899101576987109,21034824
2016-08-15,12.935876846313477,12.963458954453001,12.853131924779197,12.908294738173952,19189900
2016-08-16,12.862321853637695,12.963455757580913,12.816352152369678,12.92668055772008,17727968
2016-08-17,12.88071346282959,12.889906563213023,12.82554924899206,12.853131355910826,35701440
2016-08-18,12.853131294250488,12.899101004599823,12.834743690687601,12.871518897813377,13100136
2016-08-19,12.724416732788086,12.954265311074609,12.724416732788088,12.853132778359173,33199204
2016-08-22,12.632475852966309,12.715222173391954,12.586506142580136,12.687640066583405,28333644
2016-08-23,12.761191368103027,12.7979665737722,12.669251951045922,12.669251951045922,28336036
2016-08-24,12.724416732788086,12.788775457015824,12.724416732788088,12.751998842759347,20285916
2016-08-25,12.871519088745117,12.899101195940707,12.742804459011365,12.742804459011365,32090272
2016-08-26,12.889908790588379,12.926685407129806,12.83474597010295,12.862326678903427,11967756
2016-08-29,12.88071346282959,12.89910106648069,12.724415324584665,12.853131355910826,14219696
2016-08-30,12.871519088745117,12.91748879977635,12.83474388107383,12.871519088745117,15164888
2016-08-31,12.761191368103027,12.880712890854099,12.742803765268441,12.843936282300753,20824324
2016-09-01,12.696833610534668,12.742803317447706,12.614087296360726,12.742803317447706,23860716
2016-09-02,12.71522331237793,12.74280542165719,12.650865992649228,12.706028808323392,10461928
2016-09-05,12.926684379577637,12.926684379577637,12.834744949859116,12.834744949859116,34092164
2016-09-06,13.027815818786621,13.037010322141706,12.917488792946843,12.917488792946843,29371884
2016-09-07,13.211695671081543,13.220890175138317,13.046204418250078,13.046204418250078,38747108
2016-09-08,13.165724754333496,13.202501364317971,13.128949547233248,13.202501364317971,18697316
2016-09-09,12.94507122039795,13.03701064468645,12.935876716815386,13.03701064468645,20921496
2016-09-12,12.660059928894043,12.751999363966455,12.632477817795431,12.751999363966455,28945744
2016-09-13,12.660059928894043,12.724417252867841,12.540538382723021,12.706029646430249,28493144
2016-09-14,12.586505889892578,12.696834314911811,12.586505889892578,12.595700392938914,22496644
2016-09-19,13.055397033691406,13.055397033691406,12.76119118393153,12.76119118393153,39551620
2016-09-20,13.037012100219727,13.055399706553478,12.981847878334035,13.037012100219727,11180720
2016-09-21,13.101367950439453,13.119755554705318,12.97265331769411,13.009428526225841,48624876
2016-09-22,13.128947257995605,13.239274262943336,13.101365156037676,13.220886662599378,19717528
2016-09-23,13.220890045166016,13.220890045166014,13.128950617039525,13.147338222087955,16862952
2016-09-26,13.055397033691406,13.147336449421628,13.055397033691406,13.147336449421628,14946312
2016-09-27,13.055397033691406,13.055397033691406,13.055397033691406,13.055397033691406,0
2016-09-28,13.055397033691406,13.055397033691406,13.055397033691406,13.055397033691406,0
2016-09-29,13.220890045166016,13.26685975922926,13.128950617039525,13.21169554119963,38497932
2016-09-30,13.04620361328125,13.119755432544135,13.018622908581401,13.082980224354825,23375756
2016-10-03,13.138142585754395,13.165724692391926,13.07378527218963,13.092172875653246,15552136
2016-10-04,13.193307876586914,13.193307876586914,13.11056295280038,13.138143658806335,20679396
2016-10-05,13.147337913513184,13.211695231114359,13.138143409762598,13.165725518130046,11353240
2016-10-06,13.184113502502441,13.193308006517865,13.138143788194018,13.184113502502441,8287072
2016-10-07,13.174920082092285,13.20250219058579,13.16572557829968,13.16572557829968,12213700
2016-10-11,13.138142585754395,13.322021426158985,13.092172875653246,13.303633822695371,27783292
2016-10-12,13.285247802734375,13.294442307004209,13.119756546068073,13.147338655993188,24228792
2016-10-13,13.184113502502441,13.29444193915014,13.138143788194018,13.276052931119292,21819768
2016-10-14,13.138142585754395,13.220888905666992,13.11056188200108,13.11056188200108,14532872
2016-10-17,13.138142585754395,13.165724692391926,12.981845851987334,13.138142585754395,17688392
2016-10-18,13.230081558227539,13.230081558227539,13.1105614383167,13.147336643999394,14479784
2016-10-19,13.303635597229004,13.349605313461918,13.239278275079801,13.239278275079801,86301328
2016-10-20,13.358799934387207,13.377187540463881,13.303635713272763,13.303635713272763,19344128
2016-10-21,13.349603652954102,13.432349973611485,13.340410552581659,13.358798156210778,16938960
2016-10-24,13.367993354797363,13.413963072527595,13.349605748282162,13.395575466012392,13060488
2016-10-25,13.496708869934082,13.515096475718725,13.395574933791952,13.395574933791952,14863092
2016-10-26,13.423158645629883,13.450740759040281,13.404771037651138,13.423158645629881,11473816
2016-10-27,13.349603652954102,13.450737577240606,13.312828445695864,13.42315547035481,12681616
2016-10-28,13.349603652954102,13.377185759839897,13.322021546068306,13.349603652954102,17100148
2016-10-31,13.349603652954102,13.36799125658322,13.184112414523566,13.285246338810069,21856584
2016-11-01,13.349603652954102,13.349603652954102,13.257664231924274,13.285246338810069,8097348
2016-11-02,13.193307876586914,13.239277590442617,13.165725767696625,13.230083086517743,22009916
2016-11-03,13.092171669006348,13.165723478966086,13.073784067237435,13.138141374870672,18218928
2016-11-04,13.055397033691406,13.092172238829834,13.02781492839551,13.055397033691406,17385484
2016-11-07,13.239277839660645,13.239277839660645,13.138143906120604,13.202502629037554,12941500
2016-11-08,13.303635597229004,13.312830101629348,13.239278275079801,13.266860385396432,10776436
2016-11-09,12.871519088745117,13.432350124479854,12.871519088745117,13.395573513924319,79746700
2016-11-10,13.239277839660645,13.25766544497219,13.193308124939602,13.202502629037554,26798796
2016-11-11,12.88071346282959,13.00023358800385,12.862324456294258,12.935876273782887,33503324
2016-11-14,12.889908790588379,12.926685407129806,12.77038724187657,12.862326678903427,28468604
2016-11-15,12.853131294250488,12.889906501376265,12.825549187464043,12.834743690687601,16062736
2016-11-16,12.871519088745117,12.963458510807582,12.862324585385172,12.908294296416404,98998440
2016-11-17,12.908294677734375,12.908294677734375,12.825549756587526,12.871519468976729,13253944
2016-11-18,12.94507122039795,12.94507122039795,12.853131796109446,12.889907004671134,8478156
2016-11-21,12.963457107543945,12.963457107543945,12.889905297278933,12.926681903853487,10599960
2016-11-22,13.138142585754395,13.174919195565844,13.009427958624867,13.009427958624867,21175128
2016-11-23,13.202503204345703,13.220890810458501,13.138144478624277,13.147338983122888,7630868
2016-11-24,13.128947257995605,13.165722458683522,13.092170654423708,13.165722458683522,9213640
2016-11-25,13.11975383758545,13.17491804604741,13.101366235726163,13.11975383758545,10597000
2016-11-28,13.193307876586914,13.239277590442617,13.119756053840922,13.119756053840922,10584196
2016-11-29,13.174920082092285,13.239277399987586,13.174920082092287,13.220889795286688,5671484
2016-11-30,13.184113502502441,13.22089011567979,13.147338292209442,13.184113502502441,7673300
2016-12-01,13.239277839660645,13.25766544497219,13.165726015530103,13.165726015530103,7823268
2016-12-02,13.092171669006348,13.092171669006348,13.03700886369961,13.092171669006348,13230792
2016-12-05,13.073784828186035,13.092172431025181,13.018622019668593,13.092172431025181,5552676
2016-12-06,13.239277839660645,13.276053050283736,13.193308124939602,13.202502629037554,9743816
2016-12-07,13.239277839660645,13.303635159693235,13.220890234349099,13.276053050283736,5869508
2016-12-08,13.404769897460938,13.42315750387566,13.294442856088164,13.294442856088164,24342380
2016-12-09,13.450738906860352,13.459932008141543,13.413962293082475,13.432351301413599,21673124
2016-12-12,13.395573616027832,13.52428964962693,13.377186012052034,13.478319938245306,12834224
2016-12-13,13.413963317871094,13.42315782273909,13.358800497316553,13.39557571101958,10194560
2016-12-14,13.441544532775879,13.478321146909664,13.40476932152648,13.45993213840058,11311920
2016-12-15,13.423158645629883,13.423158645629881,13.31283159487285,13.340413708283249,12071144
2016-12-16,13.294442176818848,13.386381607079326,13.294442176818848,13.386381607079326,8593712
2016-12-19,13.211695671081543,13.294441998939453,13.211695671081543,13.285247494882677,10723840
2016-12-20,13.193307876586914,13.230083086517743,13.156532666656084,13.230083086517743,8119164
2016-12-21,13.184113502502441,13.211695611664366,13.147338292209442,13.193308006517865,37284788
2016-12-22,13.018623352050781,13.15653249178486,13.018623352050781,13.15653249178486,19886148
2016-12-23,12.97265338897705,13.02781620207776,12.935876777358956,12.98184648971836,20503824
2016-12-26,13.018623352050781,13.018623352050781,12.972653638806088,12.991041243527102,8419716
2016-12-27,13.00942611694336,13.037008219676226,12.991038516082787,13.018620618815655,9977116
2016-12-28,13.165724754333496,13.165724754333496,13.027815623381223,13.027815623381223,14744040
2016-12-29,13.101367950439453,13.138143158971184,13.09217344686438,13.138143158971184,7644424
2016-12-30,13.202503204345703,13.239278416571299,13.156533487621497,13.174921093734294,10905812
2017-01-03,13.220890045166016,13.220890045166014,13.147338222087955,13.184113432184814,9325724
2017-01-04,13.211695671081543,13.257665385596708,13.193308065852348,13.239277780367512,17136780
2017-01-05,13.331216812133789,13.331216812133789,13.202502176480705,13.211695277379176,18294400
2017-01-06,13.358799934387207,13.377187540463881,13.322023319349437,13.322023319349437,15011992
2017-01-09,13.322023391723633,13.413962825490902,13.294442683900993,13.377187613137764,20153160
2017-01-10,13.312830924987793,13.349606139094801,13.312830924987795,13.322024027072299,7431412
2017-01-11,13.312830924987793,13.395575858170805,13.312830924987795,13.3863827560863,7592212
2017-01-12,13.450738906860352,13.478321016472668,13.349604972576653,13.349604972576653,19429836
2017-01-13,13.349603652954102,13.386380263096573,13.349603652954102,13.386380263096573,15639440
2017-01-16,13.239277839660645,13.312829663791188,13.202502629037554,13.312829663791188,9673756
2017-01-17,13.294442176818848,13.312829782294068,13.239277957508813,13.239277957508813,6290964
2017-01-18,13.266862869262695,13.2760559724998,13.248475259903822,13.2760559724998,15351272
2017-01-19,13.230081558227539,13.257663663931645,13.16572424684074,13.211693955386192,16262236
2017-01-20,13.266862869262695,13.28525047862157,13.230086247660278,13.230086247660278,9688696
2017-01-23,13.37718677520752,13.423156489211669,13.340411565157934,13.340411565157934,23860356
2017-01-24,13.47832202911377,13.478322029113771,13.404770198916356,13.42315780574459,18300416
2017-02-02,13.404769897460938,13.542679049898016,13.377187786396632,13.515096938833711,27996588
2017-02-03,13.395573616027832,13.450737830839481,13.358798408076238,13.413961220003628,11236776
2017-02-06,13.469125747680664,13.496707855727177,13.413961531587642,13.423156035231242,11788984
2017-02-07,13.47832202911377,13.505902737913884,13.441545412572825,13.441545412572825,17220928
2017-02-08,13.50655746459961,13.534794457339137,13.43125929602524,13.534794457339137,17735756
2017-02-09,13.553617477416992,13.591265840377067,13.487732124140368,13.506556305620407,14193680
2017-02-10,13.704215049743652,13.732450606438746,13.572442894996374,13.572442894996374,19479148
2017-02-13,13.732453346252441,13.760690344774321,13.704217783923964,13.704217783923964,13320588
2017-02-14,13.779510498046875,13.835984478559002,13.76068631660716,13.817160297119287,24286672
2017-02-15,13.911282539367676,13.911282539367676,13.779510397861765,13.798336015357592,37628016
2017-02-16,13.826570510864258,13.967754014118256,13.8077463310023,13.930105654394335,21866524
2017-02-17,13.807746887207031,13.873632237474322,13.807746887207031,13.864220865260664,20771092
2017-02-20,13.760686874389648,13.8642220307943,13.760686874389648,13.845397848591556,11210424
2017-02-21,13.788923263549805,13.817160253717171,13.751274900788635,13.779510454763022,13349556
2017-02-22,13.798334121704102,13.87363083658195,13.77009713552852,13.854806657862488,11753588
2017-02-23,13.760686874389648,13.845397848591556,13.760686874389648,13.788923865790284,9329768
2017-02-24,13.770100593566895,13.798337586833537,13.71362660703361,13.751276410120179,7379160
2017-03-01,13.61950397491455,13.76068750216562,13.61950397491455,13.76068750216562,12429400
2017-03-02,13.65715217590332,13.788922878076708,13.600678197147333,13.732448899320719,28231488
2017-03-03,13.572443008422852,13.619504184898794,13.553618825071101,13.610092811319483,17640904
2017-03-06,13.581855773925781,13.600679957216174,13.553618780893627,13.563031590635386,8709452
2017-03-07,13.638328552246094,13.666565545751233,13.600680185034676,13.600680185034676,8109184
2017-03-08,13.71362590789795,13.71362590789795,13.638327741756733,13.675977542923873,8728588
2017-03-09,13.563030242919922,13.666563958825833,13.544204625307046,13.666563958825833,13525580
2017-03-10,13.553617477416992,13.563030286253506,13.468907942660332,13.54420466858048,21693140
2017-03-13,13.647740364074707,13.647740364074707,13.581855008176403,13.581855008176403,10061528
2017-03-14,13.741865158081055,13.760689343661683,13.666566979565237,13.666566979565237,15793412
2017-03-15,13.71362590789795,13.741862899725037,13.666564733583822,13.704214534750962,13961488
2017-03-16,13.892459869384766,13.90187124296354,13.798337516438238,13.798337516438238,30180596
2017-03-17,13.930106163024902,13.948930343574192,13.883044993555224,13.901869174104512,21063500
2017-03-20,13.920695304870605,13.958345107436639,13.901871121684147,13.920695304870605,20292744
2017-03-21,14.099528312683105,14.099528312683105,13.986581779958215,13.986581779958215,34045080
2017-03-22,13.967755317687988,13.97716812659387,13.930106954450457,13.97716812659387,19759900
2017-03-23,13.995990753173828,14.052464727948525,13.958342394119255,14.043051920088462,16423820
2017-03-24,13.977166175842285,14.00540316242598,13.948929189258589,13.995990354833816,13232480
2017-03-27,13.967755317687988,14.005405117118517,13.901869963925808,13.930106954450457,9897360
2017-03-28,13.977166175842285,14.043051520409042,13.920692202674894,14.033640149009676,22262136
2017-03-29,13.930106163024902,14.024228501964261,13.930106163024902,14.014815693593158,9856772
2017-03-30,13.911282539367676,13.977167892024145,13.911282539367676,13.930106720670528,8725832
2017-03-31,13.87363338470459,13.948931549604971,13.87363338470459,13.920694558243197,8035548
2017-04-05,14.052467346191406,14.080704338839844,13.920695192563057,13.920695192563057,14377472
2017-04-06,14.005407333374023,14.080705507957482,13.986583148776464,14.080705507957482,11244600
2017-04-07,13.948930740356445,13.986580538718899,13.817160036570247,13.986580538718899,7556660
2017-04-10,13.967755317687988,13.97716812659387,13.930106954450457,13.948931136069222,4243156
2017-04-11,13.911282539367676,14.00540488207491,13.883045549316911,13.94893090197338,5067836
2017-04-12,13.939519882202148,13.948931254995273,13.864221718892109,13.911282891436757,7760588
2017-04-13,14.005407333374023,14.01481870757619,13.911284974193006,13.911284974193006,24018700
2017-04-14,13.845396995544434,13.911282347291207,13.835984186926485,13.911282347291207,10697120
2017-04-17,13.85481071472168,13.892460519377709,13.807749536046543,13.84539934070257,21357960
2017-04-18,13.85481071472168,13.93010888784054,13.835986530490265,13.901871893396818,16399696
2017-04-19,13.704215049743652,13.788924592215167,13.675978056855442,13.760687599326957,36741784
2017-04-20,13.704215049743652,13.723039232938087,13.647741063967231,13.657153873661008,12569024
2017-04-21,13.835983276367188,13.835983276367188,13.76068512095791,13.788922108760497,12988852
2017-04-24,13.86422348022461,13.920696032736744,13.826573675689996,13.911284658747984,17237856
2017-04-25,13.995990753173828,14.00540356103389,13.87363143195721,13.901868419344558,22792244
2017-04-26,14.033639907836914,14.061875457742575,14.00540292173848,14.061875457742575,16471812
2017-04-27,14.024229049682617,14.024229049682619,13.95834369709049,13.995992059659429,14741160
2017-04-28,14.033639907836914,14.043051279074543,13.98657874307045,14.024227100406511,17692400
2017-05-02,14.156000137329102,14.193649937108221,14.11835177374299,14.11835177374299,62913456
2017-05-03,14.22188949584961,14.240713681041626,14.17482831477293,14.17482831477293,18847812
2017-05-04,14.240710258483887,14.240710258483887,14.184236280287305,14.221886077816,15987300
2017-05-05,14.146589279174805,14.203061826608414,14.13717646983934,14.203061826608414,21151260
2017-05-08,14.250121116638184,14.250121116638185,14.16541158859219,14.221885564751435,16333496
2017-05-09,14.297184944152832,14.400720107639259,14.25012376733048,14.25012376733048,16760944
2017-05-10,14.353658676147461,14.372482859303785,14.306597500160093,14.334834492991137,7052140
2017-05-11,14.400717735290527,14.400717735290527,14.306595397151373,14.325419577540623,8073252
2017-05-12,14.363070487976074,14.400718851673178,14.33483349710674,14.35365767895529,11243956
2017-05-15,14.400717735290527,14.410130543581603,14.344243757929874,14.363069374512028,5142880
2017-05-16,14.400717735290527,14.419541915679778,14.35365656622095,14.400717735290527,6393328
2017-05-17,14.363070487976074,14.381894669824625,14.316009315258189,14.363070487976074,5326112
2017-05-18,14.287774085998535,14.287774085998535,14.174827544788478,14.240712907478246,17087712
2017-05-19,14.27835750579834,14.287770313494342,14.240709147399956,14.240709147399956,4651388
2017-05-22,14.316008567810059,14.334832748675787,14.259534589019932,14.297182950751388,10304548
2017-05-23,14.372483253479004,14.391307437151594,14.306597892528359,14.31601070246123,15377404
2017-05-24,14.363070487976074,14.391306042652394,14.35365767895529,14.372481860803843,11545072
2017-05-25,14.494842529296875,14.494842529296875,14.391307365324638,14.43836854236781,18727908
2017-05-26,14.485426902770996,14.523076698800553,14.447778542934309,14.494839710826602,16073316
2017-05-31,14.400717735290527,14.588962411568835,14.381893554901277,14.485427265138604,10805204
2017-06-01,14.476014137268066,14.476014137268066,14.400715988650953,14.400715988650953,8886768
2017-06-02,14.532486915588379,14.551312530203287,14.504251366051522,14.551312530203287,14163736
2017-06-05,14.683082580566406,14.683082580566406,14.541899094214806,14.560723271823147,13127008
2017-06-06,14.673670768737793,14.673670768737793,14.626609603429213,14.673670768737793,4812028
2017-06-07,14.673670768737793,14.701907755161498,14.626609603429213,14.66425939739175,7379160
2017-06-08,14.73015022277832,14.73015022277832,14.64544066817897,14.673676228916538,7547444
2017-06-09,14.683082580566406,14.748967920291948,14.673669773665889,14.692495387466922,12041656
2017-06-12,14.523075103759766,14.588960444334347,14.504250925908845,14.523075103759766,13203260
2017-06-13,14.541901588439941,14.551314396954943,14.494840418250817,14.52307740760288,6463920
2017-06-14,14.466606140136719,14.570141308433863,14.40072077676272,14.570141308433863,13522368
2017-06-15,14.476014137268066,14.476014137268066,14.419540166757049,14.45718995916197,6029904
2017-06-16,14.626609802246094,14.626609802246094,14.466602125260527,14.476014932927306,16932372
2017-06-19,14.786622047424316,14.786622047424316,14.626612900353912,14.626612900353912,20579340
2017-06-20,14.956040382385254,14.993690182947805,14.79603267952527,14.79603267952527,16187336
2017-06-21,14.97486686706543,15.040752226620091,14.843094711762985,14.908980071317645,54451816
2017-06-22,15.0125150680542,15.031339251120347,14.974866701921902,14.984278075358421,24451200
2017-06-23,15.003105163574219,15.068991971353494,14.993693788315312,15.01251797502651,34068356
2017-06-26,15.323118209838867,15.341942391792646,15.021926989999333,15.021926989999333,57017924
2017-06-27,15.304292678833008,15.341941039421915,15.24781870175675,15.323116859127461,12104808
2017-06-28,15.163111686706543,15.257234039979226,15.1160505100702,15.228997046758794,25147648
2017-06-29,15.181937217712402,15.257235394252845,15.153700221985577,15.247822583612816,5709020
2017-06-30,15.134875297546387,15.134875297546387,15.021928756349892,15.078401308851545,12282612
2017-07-03,15.144281387329102,15.172518371823958,15.097220225235235,15.134870016625943,6204184
2017-07-04,15.05957317352295,15.172519685085808,15.05957317352295,15.14428269814689,4948796
2017-07-05,15.200756072998047,15.200756072998049,15.012511415747298,15.078396758546509,9097248
2017-07-06,15.134875297546387,15.200760660228243,15.097225493018762,15.200760660228243,9969676
2017-07-07,15.050164222717285,15.10663821106771,15.021928664735256,15.10663821106771,14279240
2017-07-10,15.125457763671875,15.144281941960283,15.059572421566072,15.059572421566072,14199716
2017-07-11,15.351354598999023,15.351354598999022,15.16310991445553,15.19134546818268,16555084
2017-07-12,15.351354598999023,15.398415770134896,15.304293427863149,15.34194179029466,15792908
2017-07-13,15.473713874816895,15.511363676798675,15.389004333695807,15.426652699484492,15970496
2017-07-14,15.445476531982422,15.464300712699357,15.398415362093619,15.43606372352749,9126536
2017-07-17,15.473713874816895,15.539600669236735,15.43606550902821,15.530187859693017,10750572
2017-07-18,15.511361122131348,15.511361122131346,15.407825978974701,15.473711326350358,13110824
2017-07-19,15.56783676147461,15.624310748295102,15.501951400979463,15.501951400979463,29070760
2017-07-20,15.55842399597168,15.60548516871437,15.539599814113208,15.596072359688625,8082744
2017-07-21,15.4548921585083,15.549014524194945,15.445480783655631,15.549014524194945,17863648
2017-07-24,15.492541313171387,15.492541313171387,15.389006140804875,15.426654511014554,9457268
2017-07-25,15.520772933959961,15.530185742220285,15.454887584716396,15.492537381564789,8506584
2017-07-26,15.464300155639648,15.577246672065598,15.445475975600804,15.539598311987907,9429780
2017-07-27,15.624308586120605,15.624308586120605,15.473712266235037,15.473712266235037,8854880
2017-07-28,15.4548921585083,15.520777527250287,15.426655161563643,15.511366152397617,17606404
2017-07-31,15.44539737701416,15.473877195303219,15.388439188979774,15.46438343969229,11226396
2017-08-01,15.530835151672363,15.597287088128555,15.483369275840289,15.597287088128555,10569560
2017-08-02,15.663741111755371,15.692220930758225,15.568809347441702,15.568809347441702,20181832
2017-08-03,15.606779098510742,15.635258913179173,15.511847348644999,15.540327163313432,16116432
2017-08-04,15.635258674621582,15.635258674621582,15.578300494697315,15.59728655467207,4575992
2017-08-07,15.749176025390625,15.758669779373905,15.654244279731746,15.654244279731746,16435276
2017-08-08,15.739684104919434,15.806136038797264,15.673232171041603,15.768163919022367,11942984
2017-08-09,15.597285270690918,15.68272325781576,15.57829921227911,15.673230952881559,12488912
2017-08-10,15.4928617477417,15.654245437589758,15.445395871401471,15.635259376762384,12675976
2017-08-11,15.426410675048828,15.445396736940156,15.331478917048528,15.350464978939854,10989160
2017-08-14,15.331477165222168,15.4928608456737,15.331477165222168,15.464381031819075,8981648
2017-08-15,15.435904502868652,15.473876626829906,15.369451113120943,15.435904502868652,10835444
2017-08-16,15.378942489624023,15.42640836150558,15.302996804904843,15.407422302461647,25131344
2017-08-17,15.502355575561523,15.511847881748198,15.407423822433215,15.426409883350157,7875208
2017-08-18,15.40742301940918,15.407423019409178,15.312491271228646,15.378943205246316,9262572
2017-08-21,15.388435363769531,15.416913726435796,15.331475741350262,15.388435363769531,8201116
2017-08-22,15.540327072143555,15.549820826491851,15.4643813829878,15.4643813829878,15946580
2017-08-23,15.521340370178223,15.616272115561575,15.521340370178223,15.568806242869899,22018028
2017-08-24,15.673232078552246,15.673232078552246,15.540326763037354,15.540326763037354,13951484
2017-08-25,15.701712608337402,15.711206363805525,15.644754421159801,15.692220301412991,10459032
2017-08-28,15.673232078552246,15.720697952262528,15.644752264617376,15.701710443943607,11092904
2017-08-29,15.625767707824707,15.644753769426314,15.559314319403608,15.61627395275208,4914728
2017-08-30,15.701712608337402,15.73968618166618,15.682726545944869,15.692220301412991,16479772
2017-08-31,15.749176025390625,15.787149592780265,15.701710152561185,15.787149592780265,13137268
2017-09-01,15.758670806884766,15.796642928206817,15.692218870299389,15.749177052282464,17717428
2017-09-04,15.730195045471191,15.76816862512304,15.701715222868291,15.73968880252014,10383840
2017-09-05,15.749176025390625,15.758669779373905,15.692217847121388,15.739683719950825,10256056
2017-09-06,15.682723999023438,15.739683625494333,15.635258126478847,15.701710058332578,11565836
2017-09-07,15.616275787353516,15.730193618889885,15.606782031165562,15.720701311245747,5475400
2017-09-08,15.701712608337402,15.73968618166618,15.644754421159801,15.644754421159801,11367228
2017-09-11,15.673232078552246,15.825122005299042,15.663738324392787,15.80613594552363,6510960
2017-09-12,15.730195045471191,15.76816862512304,15.69222291436329,15.749181111025141,5577004
2017-09-13,15.625767707824707,15.758671587579606,15.61627395275208,15.739685525977999,8701656
2017-09-14,15.635258674621582,15.67323224311462,15.59728655467207,15.625766368905968,6998744
2017-09-15,15.635258674621582,15.66373848885548,15.58779280041293,15.635258674621582,7284024
2017-09-18,15.787151336669922,15.787151336669922,15.68272582549265,15.730191703565293,10771272
2017-09-19,15.711206436157227,15.815631952612616,15.69222037367726,15.796644441588935,5825792
2017-09-20,15.606779098510742,15.69221854251604,15.587793038246303,15.663738727847607,39854696
2017-09-21,15.701712608337402,15.720700119273646,15.559314967577837,15.578302478514079,7320912
2017-09-22,15.4928617477417,15.682725253102612,15.483369441599807,15.682725253102612,22423144
2017-09-25,15.369449615478516,15.483368873349015,15.331477495217372,15.483368873349015,28284184
2017-09-26,15.246041297912598,15.388438938496302,15.246041297912598,15.340973058301733,47009200
2017-09-27,15.321982383728027,15.359955949169178,15.293504020326424,15.302996325279157,24971608
2017-09-28,15.265027046203613,15.34097274266108,15.246040984225166,15.331478987400018,27597268
2017-09-29,15.312493324279785,15.312493324279785,15.246041381352446,15.27451975079008,13775460
2017-10-02,15.473875999450684,15.492862060661531,15.426410122151754,15.426410122151754,13040768
2017-10-03,15.473875999450684,15.511848121872378,15.435903877028988,15.483369754327917,6312412
2017-10-05,15.540327072143555,15.587792946797961,15.473875137336096,15.473875137336096,25628312
2017-10-06,15.587796211242676,15.60678227537185,15.559316390776992,15.587796211242676,16507124
2017-10-11,15.83461856842041,15.83461856842041,15.654247347198513,15.654247347198513,63901824
2017-10-12,15.986507415771484,15.986507415771484,15.863097289607927,15.863097289607927,35080176
2017-10-13,15.958024978637695,15.958024978637695,15.901065359127978,15.939037473105591,14384064
2017-10-16,16.0434627532959,16.0434627532959,15.958024773671989,15.958024773671989,16182852
2017-10-17,16.005495071411133,16.08143931941839,16.005495071411133,16.05296095068751,12935588
2017-10-18,16.062450408935547,16.138396092018436,16.005492233030946,16.100423974748704,17890512
2017-10-19,16.119409561157227,16.176367735393207,16.081435996456527,16.081435996456527,9789764
2017-10-20,16.052963256835938,16.109921451023922,16.02448343547,16.02448343547,6902248
2017-10-23,16.0434627532959,16.128900732919806,16.033969000651783,16.081434866785795,7087432
2017-10-24,16.024478912353516,16.043464971723782,15.986505345069503,16.043464971723782,4288612
2017-10-25,16.014986038208008,16.062451913513037,15.986506223316278,16.005493732273138,9666564
2017-10-26,15.996000289916992,16.024480105364432,15.948534413685783,15.977014229133225,12905928
2017-10-27,16.005495071411133,16.090933074691137,15.986507560865642,16.005495071411133,8564552
2017-10-30,16.128908157348633,16.204853867830895,16.100429783393736,16.157387979847474,13431968
2017-10-31,16.17637062072754,16.204850437197084,16.100426374866935,16.138398497797237,8525736
2017-11-01,16.157384872436523,16.214344506479648,16.12890505541496,16.20485075129124,5254992
2017-11-02,16.100427627563477,16.147893509191263,16.08144011607736,16.12890599770515,6250148
2017-11-03,16.081436157226562,16.147889533981296,16.062450098958095,16.12890202716943,5823476
2017-11-06,16.10991668701172,16.195356125843443,16.062450814953028,16.176368618185197,6293204
2017-11-07,16.195358276367188,16.195358276367188,16.109918826190267,16.138398642915906,8845884
2017-11-08,16.128908157348633,16.176374045332054,16.128908157348633,16.176374045332054,3239520
2017-11-09,16.024478912353516,16.14789047107547,16.024478912353516,16.128902963161725,5033196
2017-11-10,16.052963256835938,16.052963256835938,15.939043971372193,16.005497370740674,3692824
2017-11-13,16.005495071411133,16.024481133412948,15.986507560865642,15.996001316138388,3917128
2017-11-14,15.977015495300293,16.00549531300474,15.939041922179797,16.00549531300474,4063196
2017-11-15,15.815633773803711,15.920057853739955,15.787153952532414,15.910565545678779,24280764
2017-11-16,15.872591972351074,15.901071793630534,15.796646265120481,15.815633778336041,8707248
2017-11-17,16.014986038208008,16.03397209862131,15.977013917381408,16.005493732273138,28784476
2017-11-20,15.94853401184082,16.033972007486835,15.929547951535435,16.024479701605916,9204096
2017-11-21,16.090932846069336,16.100426601207197,15.929549148531356,15.929549148531356,17878752
2017-11-22,16.16687774658203,16.252315744446957,16.119411870314053,16.16687774658203,19654892
2017-11-23,16.17637062072754,16.204850437197084,16.12890474279284,16.166878314266782,6208204
2017-11-24,16.16687774658203,16.195357562051534,16.128904176441495,16.185863807380503,4274136
2017-11-27,15.977015495300293,16.16687901527167,15.967521739884244,16.16687901527167,8509216
2017-11-28,15.872591972351074,15.94853767958167,15.853605907679396,15.93904392297389,8028492
2017-11-29,15.891578674316406,15.939044562171047,15.863100300438774,15.882086365871842,5527436
2017-11-30,15.616275787353516,15.75867343890993,15.616275787353516,15.75867343890993,32153968
2017-12-01,15.682723999023438,15.739683625494333,15.502354262771389,15.597286007860566,22481288
2017-12-04,15.739684104919434,15.7491764105914,15.635258602723185,15.692218230929052,6014996
2017-12-05,15.616275787353516,15.692221491225702,15.606782031165562,15.67323542739361,7520528
2017-12-06,15.3504638671875,15.587793244999748,15.3504638671875,15.587793244999748,52941612
2017-12-07,15.359956741333008,15.426408673602909,15.27451730109158,15.416914919617145,29236120
2017-12-08,15.359956741333008,15.473874546444765,15.312490868491153,15.473874546444765,25120068
2017-12-11,15.473875999450684,15.502355815538763,15.41691636727452,15.41691636727452,10955980
2017-12-12,15.369449615478516,15.47387511901196,15.29350537495623,15.45488905888139,15762584
2017-12-13,15.378942489624023,15.416914607711886,15.359956430580091,15.397928548667954,6707996
2017-12-14,15.521340370178223,15.568806242869899,15.445394684162844,15.483368251442272,8985120
2017-12-15,15.397930145263672,15.50235565364825,15.312492146435273,15.50235565364825,16308644
2017-12-18,15.416915893554688,15.426409648140204,15.350463957086799,15.416915893554688,15370456
2017-12-19,15.340970993041992,15.454888800464166,15.32198348468537,15.416915232294434,16380392
2017-12-20,15.388435363769531,15.397927668477163,15.331475741350262,15.340969494601264,18609096
2017-12-21,15.378942489624023,15.44539442054951,15.378942489624023,15.397928548667954,4963292
2017-12-22,15.435904502868652,15.445396809587127,15.32198523389754,15.340972744421844,6579364
2017-12-25,15.464380264282227,15.483367771605247,15.435901900384561,15.435901900384561,4011732
2017-12-26,15.312493324279785,15.464383272607453,15.284013506298436,15.464383272607453,10312784
2017-12-27,15.359956741333008,15.35995674133301,15.293504809063108,15.30299711450539,14400572
2017-12-28,15.51184368133545,15.52133743349493,15.426405706072943,15.426405706072943,12379264
2017-12-29,15.597285270690918,15.60677757562512,15.521339588500279,15.521339588500279,18761184
2018-01-02,15.682723999023438,15.682723999023438,15.597286007860566,15.597286007860566,14452796
2018-01-03,15.825125694274902,15.844111758476132,15.74917998892614,15.74917998892614,28785748
2018-01-04,15.85360336303711,15.882083179745306,15.796643729620714,15.85360336303711,22510260
2018-01-05,15.90107250213623,15.910566259167025,15.815634483034868,15.853606614070152,30467184
2018-01-08,15.967524528503418,15.977018285577488,15.891578817542726,15.910566331690864,20758444
2018-01-09,15.977015495300293,15.996001557588691,15.92954961530745,15.967521739884244,14658864
2018-01-10,15.90107250213623,15.996004278268387,15.863100371100947,15.967524455719952,22998388
2018-01-11,15.83461856842041,15.891576757850666,15.777658930446387,15.88208445055084,10316900
2018-01-12,15.967524528503418,15.986510594107603,15.853606686334357,15.863100443408426,11484772
2018-01-15,16.071949005126953,16.081441313032784,16.024483119966238,16.05296294077144,11279408
2018-01-16,16.13840103149414,16.13840103149414,16.043469260720645,16.07194908166147,15823364
2018-01-17,16.16687774658203,16.22383592897745,16.071945994046075,16.071945994046075,22793072
2018-01-18,16.385217666625977,16.43268353304315,16.233326314673704,16.233326314673704,27595212
2018-01-19,16.546606063842773,16.546606063842773,16.394714668368984,16.394714668368984,21208288
2018-01-22,16.69849395751953,16.69849395751953,16.54660402926589,16.54660402926589,17764244
2018-01-23,16.76494598388672,16.783932042314472,16.689000301632312,16.71748011354564,23199728
2018-01-24,16.55609703063965,16.707988413819074,16.489645093702492,16.707988413819074,20413716
2018-01-25,16.603565216064453,16.76495037634213,16.546607025858027,16.56559308926017,19934736
2018-01-26,16.613056182861328,16.63204224307589,16.489644618651365,16.603562428482277,31098692
2018-01-29,16.661745071411133,16.778600959925747,16.593577774366302,16.65200646157523,25783188
2018-01-30,16.466989517211914,16.622796918257297,16.457250904563722,16.59358256621639,19865044
2018-01-31,16.486461639404297,16.55462745527476,16.38908147790268,16.437771558653488,17006956
2018-02-01,16.60331916809082,16.652009253627746,16.505938997016976,16.505938997016976,11658156
2018-02-02,16.535152435302734,16.583842518159393,16.428033658656716,16.525413824370037,12326368
2018-02-05,16.281967163085938,16.311181516714534,16.14563549402415,16.204062715377596,28303608
2018-02-06,15.512661933898926,15.79506384265417,15.34711593614918,15.746373755909918,128890380
2018-02-07,15.70742130279541,15.853491553932558,15.69768269169156,15.843752942828708,40727628
2018-02-08,15.697683334350586,15.765849157157927,15.639256123045794,15.707421945853133,18058764
2018-02-09,15.395805358886719,15.425018220950523,15.191306409019305,15.308162314984914,64844948
2018-02-12,15.522398948669434,15.561351909328309,15.463971736536397,15.493186085554672,33775180
2018-02-21,15.872965812683105,15.911917281665795,15.795061388814432,15.853490078191761,46584340
2018-02-22,15.77558708190918,15.872967249081459,15.72689699832304,15.872967249081459,14999640
2018-02-23,15.970349311828613,15.989825050394025,15.85349339453254,15.85349339453254,14317264
2018-02-26,16.048248291015625,16.126152704671174,16.038509682095018,16.077462631874344,13156828
2018-02-27,16.03851318359375,16.204059170064046,16.03851318359375,16.184583433874028,30654984
2018-03-01,15.92165756225586,15.960609035325076,15.804801657144765,15.882706089186646,17376880
2018-03-02,15.804801940917969,15.814539066408376,15.668468810920968,15.746373244361614,25049444
2018-03-05,15.72689437866211,15.872964605089312,15.707418645652451,15.7950601871475,14895028
2018-03-06,15.999563217163086,15.999563217163086,15.892444429180355,15.902183041143717,22128816
2018-03-07,15.931397438049316,16.05799047852447,15.91192021406523,15.921658826057273,10476644
2018-03-08,16.116418838500977,16.12615745028747,15.99956292658077,15.99956292658077,12930332
2018-03-09,16.135896682739258,16.16511103600918,16.10668232946934,16.145635295797142,11328256
2018-03-12,16.38908576965332,16.408561509873017,16.27222984243141,16.281966969589394,35009296
2018-03-13,16.544891357421875,16.544891357421875,16.418298316966872,16.428035443053798,39349740
2018-03-14,16.418296813964844,16.447509675454917,16.359868119177836,16.42803393916039,13663712
2018-03-15,16.408557891845703,16.41829650276009,16.340392073155215,16.359867809080583,14027592
2018-03-16,16.340391159057617,16.398818363565244,16.184582308563968,16.359866893893493,22042684
2018-03-19,16.33065414428711,16.37934422908576,16.25274971142857,16.291702670809574,8142136
2018-03-20,16.32091522216797,16.32091522216797,16.20405784279277,16.20405784279277,11581400
2018-03-21,16.33065414428711,16.37934422908576,16.281964059488455,16.32091701886946,19566108
2018-03-22,16.272226333618164,16.47672379068437,16.252749111694648,16.35986788866034,13719700
2018-03-23,15.989826202392578,16.048254908201958,15.931398982486913,15.941136109519334,32238952
2018-03-26,16.009300231933594,16.009300231933594,15.892444318703392,15.941134406374605,17476488
2018-03-27,16.243013381958008,16.243013381958008,16.15537033348363,16.165108945281965,13110272
2018-03-28,16.019039154052734,16.14563368163022,16.00930054196847,16.14563368163022,16644768
2018-03-29,15.989826202392578,16.038516295265822,15.931398982486913,16.019040555297266,16399420
2018-03-30,16.135896682739258,16.17484964906706,16.096945202315187,16.096945202315187,19976360
2018-04-02,16.019039154052734,16.1553708078109,15.999563415787794,16.13589506954596,14949196
2018-04-03,15.872965812683105,15.882704422880426,15.814537123305776,15.872965812683105,24750092
2018-04-09,16.009300231933594,16.02877745572492,15.892444318703392,15.999563105941483,13605720
2018-04-10,16.06772804260254,16.13589386439046,15.921657787669789,15.989823609457712,15441988
2018-04-11,16.135896682739258,16.184586776221213,16.116420942527224,16.145635295797142,10414612
2018-04-12,16.06772804260254,16.194322560724952,16.019037957624956,16.174846823914613,14366292
2018-04-13,16.06772804260254,16.126156738937027,16.02877656898186,16.106679516223217,11930928
2018-04-16,16.02877426147461,16.09694007344936,15.970345573551533,16.09694007344936,7236792
2018-04-17,15.85348892211914,16.048249224636812,15.843750312631983,16.048249224636812,17300160
2018-04-18,15.892440795898438,15.989820949655048,15.84375071902013,15.892440795898438,14959348
2018-04-19,16.096942901611328,16.096942901611328,15.950872642042993,15.950872642042993,17845076
2018-04-20,15.72689437866211,15.7950601871475,15.678204303186375,15.775584454137842,36070860
2018-04-23,15.571088790893555,15.668468962158439,15.561351665309163,15.629517488013883,42499120
2018-04-24,15.493185043334961,15.571087987605182,15.395804877093768,15.561350862523112,67471148
2018-04-25,15.444493293762207,15.444493293762207,15.34711313802828,15.434754683827514,65843988
2018-04-26,15.395805358886719,15.52239839023911,15.347115274242425,15.52239839023911,65943112
2018-04-27,15.425016403198242,15.512659436771804,15.347113465670573,15.502920826629202,49582444
2018-04-30,15.580825805664062,15.61004015123035,15.395804093583138,15.51265998994495,26067932
2018-05-02,15.463969230651855,15.61003946616953,15.463969230651855,15.590563731947828,22053992
2018-05-03,15.29842472076416,15.395804887068442,15.259471762700397,15.395804887068442,35293736
2018-05-04,15.376326560974121,15.386065171266628,15.269209277273113,15.298423622247318,13901692
2018-05-07,15.483445167541504,15.493183777731465,15.347113540301828,15.483445167541506,15433528
2018-05-08,15.580825805664062,15.590564416153939,15.454231298812374,15.46396990930225,21408464
2018-05-09,15.668465614318848,15.687942833132972,15.580824073267985,15.580824073267985,13436088
2018-05-10,15.70742130279541,15.717158427995827,15.668468344283443,15.717158427995827,23909216
2018-05-11,15.892440795898438,15.911916529469114,15.785323518308099,15.795060642141825,70617188
2018-05-14,16.06772804260254,16.087203779412878,15.950872135837034,15.970347872647373,68790744
2018-05-15,15.902180671691895,16.048250913956235,15.902180671691893,16.03851230344394,28889928
2018-05-16,15.92165756225586,15.931396173474889,15.85349174143301,15.863228866748587,33174404
2018-05-17,15.814537048339844,15.970345895338609,15.814537048339844,15.960607285187452,7763112
2018-05-18,15.765848159790039,15.872966935927598,15.746372423920501,15.814538242415583,9442848
2018-05-21,15.980084419250488,15.989821543445807,15.814536962993971,15.814536962993971,15558644
2018-05-22,15.92165756225586,16.02877634205138,15.921657562255861,15.931396173474889,7349796
2018-05-23,15.843755722045898,15.970350259085238,15.834018595137453,15.950874519364655,8497492
2018-05-24,15.88270378112793,15.911916638732933,15.824275094111455,15.84375082781587,4541296
2018-05-25,15.941132545471191,15.980085502603083,15.853490992255349,15.882705338628423,12462992
2018-05-28,16.009300231933594,16.019038843829257,15.970348756158044,15.98008736805371,11761532
2018-05-29,15.941132545471191,16.009298363072777,15.872966727869604,16.009298363072777,5554160
2018-05-30,15.658733367919922,15.85349372949628,15.639257628943014,15.85349372949628,24711276
2018-05-31,15.72689437866211,15.765845844681424,15.687942912642795,15.73663298811853,6423688
2018-06-01,15.843755722045898,15.863231461766482,15.736638410630835,15.736638410630835,7394776
2018-06-04,16.08720588684082,16.08720588684082,15.931398486043829,15.931398486043829,28324256
2018-06-05,16.06772804260254,16.106679516223217,16.019037957624956,16.106679516223217,10783684
2018-06-06,16.22353744506836,16.233274570843598,16.09694292276209,16.09694292276209,25593288
2018-06-07,16.252750396728516,16.281964746020225,16.165108834756907,16.26248900846026,26817272
2018-06-08,16.077468872070312,16.223539147155492,16.06773025936983,16.223539147155492,13878156
2018-06-11,16.096942901611328,16.155370113896552,16.04825281508855,16.1261572507057,13057500
2018-06-12,16.06772804260254,16.06772804260254,15.960609261290466,16.019037957624956,8972896
2018-06-13,16.16510772705078,16.18458346327618,16.03851321273054,16.05798894895594,18672580
2018-06-14,15.92165756225586,16.077466426339623,15.921657562255861,16.067727815120595,14257072
2018-06-15,15.96060562133789,15.96060562133789,15.814535399717702,15.892439815095763,15448488
2018-06-19,15.697683334350586,15.814539242863669,15.697683334350588,15.795063505762071,19976952
2018-06-20,15.872965812683105,15.911917281665795,15.639254026980378,15.707419840651731,31467980
2018-06-21,15.824280738830566,15.892446574063237,15.814542125552856,15.872970833411584,8539404
2018-06-22,15.804801940917969,15.814539066408376,15.648993074036678,15.736636118871207,25929844
2018-06-25,15.756110191345215,15.78532453653731,15.717157235787983,15.746371580980076,31972724
2018-06-26,15.717158317565918,15.717158317565918,15.580826678490496,15.717158317565918,65736564
2018-06-27,15.658733367919922,15.756113548708102,15.639257628943014,15.726899197290921,33232196
2018-06-28,15.59056568145752,15.658731502708854,15.541875596863216,15.59056568145752,48256080
2018-06-29,15.863228797912598,15.882706020266138,15.619778377527792,15.639255599881333,26336852
2018-07-02,15.785325050354004,15.950871030626677,15.775586439671873,15.872966602879723,16702512
2018-07-03,15.804801940917969,15.960609321895781,15.697683159199146,15.834016289196144,20094748
2018-07-04,15.85348892211914,15.8924403882614,15.795060237002565,15.804798846489723,6985796
2018-07-05,15.72689437866211,15.863225995632892,15.697680036196033,15.863225995632892,12476328
2018-07-06,15.765848159790039,15.804801117432515,15.619777911913404,15.795062506546046,21405968
2018-07-09,16.019039154052734,16.057990630582616,15.88270750029457,15.92165897682445,36155112
2018-07-10,16.057987213134766,16.12615451141012,16.038511479014634,16.09694016727829,19655208
2018-07-11,15.911918640136719,15.95087159834829,15.834015695520419,15.911918640136717,15596276
2018-07-12,16.096942901611328,16.096942901611328,15.872968206425844,15.892443943854252,27531384
2018-07-13,16.233278274536133,16.2430168884368,16.126160951148105,16.165112434943048,54647116
2018-07-16,16.16510772705078,16.252749283016794,16.16510772705078,16.223536421630406,21321728
2018-07-17,16.077468872070312,16.135896090562177,16.04825451987254,16.135896090562177,11971004
2018-07-18,16.174846649169922,16.26248820682135,16.15536942666653,16.194322385769855,52697820
2018-07-19,16.22353744506836,16.32091761824187,16.174847358481603,16.184584484256842,52870644
2018-07-20,16.486461639404297,16.49619876401245,16.359867132271525,16.359867132271525,73613480
2018-07-23,16.604293823242188,16.643570085483507,16.46682390881085,16.55519774629386,34017888
2018-07-24,16.633750915527344,16.633750915527344,16.52574044103038,16.58465483667597,20467256
2018-07-25,16.64356803894043,16.663206167646326,16.50609963970598,16.50609963970598,25408804
2018-07-26,16.69266700744629,16.741763086879953,16.643570928012622,16.643570928012622,33884680
2018-07-27,16.83013343811035,16.839953252151943,16.71230316107756,16.71230316107756,23788472
2018-07-30,16.80068016052246,16.869414376894397,16.771222211136333,16.820318294015365,12921640
2018-07-31,16.80068016052246,16.830136611615043,16.702487994764393,16.761402395243106,10958652
2018-08-01,16.91851043701172,16.928328754598187,16.849776220732252,16.849776220732252,16050028
2018-08-02,16.663211822509766,16.91851207720519,16.663211822509766,16.90869226037318,19099800
2018-08-03,16.80068016052246,16.830136611615043,16.761402395243106,16.771222211136333,4900664
2018-08-06,16.83013343811035,16.9086874555633,16.761399234698995,16.8006769925721,9698684
2018-08-07,16.790857315063477,16.849773203205572,16.77121918511387,16.83013357496269,4797124
2018-08-08,16.91851043701172,16.9676065198247,16.849776220732252,16.849776220732252,16299936
2018-08-09,16.91851043701172,16.9381485704782,16.830136588972227,16.908690621131704,6527156
2018-08-10,16.83013343811035,16.91850726960489,16.82031512236202,16.83013343811035,5119668
2018-08-13,16.486461639404297,16.702485571363482,16.427547247473605,16.702485571363482,29139736
2018-08-14,16.604293823242188,16.614112139655834,16.50610166934553,16.574835877414518,8972820
2018-08-15,16.447185516357422,16.594473744862118,16.38826962563821,16.594473744862118,17118684
2018-08-16,16.45700454711914,16.51591893673913,16.309716325629267,16.348992585375928,18130168
2018-08-17,16.427547454833984,16.525739607584583,16.417727640241587,16.486461847508338,18560156
2018-08-20,16.486461639404297,16.515919584516308,16.437365563648726,16.47664332322918,12591984
2018-08-21,16.604293823242188,16.623931954362845,16.47664372351786,16.47664372351786,20092232
2018-08-22,16.623929977416992,16.66320623498751,16.565014092768028,16.63374829266303,14183072
2018-08-23,16.702484130859375,16.73194057513759,16.61411030314514,16.653388059338088,15476944
2018-08-24,16.65338897705078,16.712303367146983,16.584653274498624,16.692665237114916,10196696
2018-08-27,16.80068016052246,16.80068016052246,16.69266817887117,16.69266817887117,20073816
2018-08-28,16.938148498535156,16.967606447756534,16.8792326000924,16.8792326000924,33152312
2018-08-29,17.1345272064209,17.154165333359906,16.977419194322746,16.977419194322746,53535384
2018-08-30,17.193445205688477,17.350551738866702,17.173805578034624,17.242541278236654,39576708
2018-08-31,17.075618743896484,17.08543856077763,16.97742656825983,17.08543856077763,16982440
2018-09-03,16.9774227142334,17.124710944252637,16.967604397874798,17.075614867579556,14668308
2018-09-04,17.085433959960938,17.085433959960938,16.977421996528925,17.046157699600183,9430900
2018-09-05,17.085433959960938,17.14434984879536,17.026518071126514,17.085433959960938,9985232
2018-09-06,16.987241744995117,17.065795763705776,16.928325856388803,17.065795763705776,7783556
2018-09-07,16.96760368347168,16.977421999416894,16.889049664443515,16.928325924810952,10023632
2018-09-10,16.889053344726562,17.00688364979849,16.820319124959074,17.00688364979849,21205124
2018-09-11,16.820316314697266,16.889050522980956,16.77122023759558,16.87923070824327,78101616
2018-09-12,16.80068016052246,16.869414376894397,16.741764261750202,16.859594561001174,74335892
2018-09-13,16.68284797668457,16.849775853242882,16.673029659312235,16.849775853242882,83984800
2018-09-14,16.987241744995117,16.987241744995117,16.810495577469457,16.839953521772614,34465500
2018-09-17,16.859590530395508,16.98724061502252,16.83013258805186,16.98724061502252,35955840
2018-09-18,16.771221160888672,16.830135557678044,16.73194339806897,16.810497425414923,24562284
2018-09-19,16.91851043701172,16.947968386358216,16.830136588972227,16.849776220732252,27526508
2018-09-20,16.869413375854492,16.99706348342386,16.849775243526924,16.97742385280284,16639104
2018-09-21,17.05597686767578,17.05597686767578,16.869412374201328,16.938146582413317,29481756
2018-09-25,17.105073928833008,17.114893744125414,17.006881769082767,17.016701584375173,30025008
2018-09-26,17.065797805786133,17.08543593824036,17.036339857958062,17.065797805786133,32146012
2018-09-27,17.1541690826416,17.173807213872795,17.006880850967587,17.006880850967587,111200144
2018-09-28,17.065797805786133,17.213086046633034,17.006881910129987,17.15417015097689,52809484
2018-10-01,17.1541690826416,17.163988897403883,17.06579674295454,17.06579674295454,23648936
2018-10-02,16.898866653442383,17.134527172834638,16.889046840845605,17.134527172834638,21737328
2018-10-03,16.879230499267578,16.947966204993644,16.849774052005948,16.898870128499798,17478760
2018-10-04,16.67302703857422,16.830133576478495,16.653388908622844,16.830133576478495,38947872
2018-10-05,16.388269424438477,16.594473541130803,16.29989708773795,16.594473541130803,106976384
2018-10-08,16.299901962280273,16.378456006335558,16.201709781784608,16.2900821449132,186048816
2018-10-09,16.3489933013916,16.378451246638363,16.260620963944657,16.309717039924813,82123588
2018-10-11,15.20014476776123,15.740201580258415,15.190324953671245,15.740201580258415,274206496
2018-10-12,15.720563888549805,15.720563888549805,15.219783321867798,15.259059582735938,92733128
2018-10-15,15.553634643554688,15.612550527882837,15.445624186677316,15.612550527882837,196954632
2018-10-16,15.573277473449707,15.612553738884223,15.43580754784193,15.514361577004449,66706580
2018-10-17,15.592915534973145,15.808937990463642,15.58309571951261,15.799118175003105,81220148
2018-10-18,15.54382038116455,15.661650682250038,15.504542615273676,15.612554598606621,31893128
2018-10-19,15.573277473449707,15.573277473449707,15.317977253244898,15.357253518679414,48256144
2018-10-22,15.553634643554688,15.622370341368587,15.317974102828444,15.386708302349167,49813812
2018-10-23,15.268878936767578,15.435805287864584,15.25905912269994,15.337613140361256,99593568
2018-10-24,15.20014476776123,15.308155231284704,15.062674861967803,15.278698785601293,52010000
2018-10-25,14.82701587677002,14.964484298826674,14.787739612837669,14.82701587677002,115743544
2018-10-26,14.807376861572266,15.013579482357658,14.6306306878324,14.97430322076806,71135124
2018-10-29,14.876113891601562,14.944848111574,14.79755985522151,14.89575202612317,39533040
2018-10-30,14.915385246276855,14.97430112872351,14.827012920900001,14.885928803346657,24460200
2018-10-31,15.229602813720703,15.229602813720703,15.043036832814584,15.043036832814584,39552896
2018-11-01,15.396528244018555,15.406346559292869,15.22960190142329,15.288516287948752,27189176
2018-11-02,15.445625305175781,15.475083249473059,15.317975212083098,15.396529230778079,26829316
2018-11-05,15.367071151733398,15.3670711517334,15.239421059760026,15.337613207694424,18483000
2018-11-06,15.317975997924805,15.416168151757654,15.268879921008377,15.406348337057025,24737928
2018-11-07,15.396528244018555,15.425986186427881,15.327794043925586,15.357250488041721,24743000
2018-11-08,15.484905242919922,15.59291723156418,15.416171022097958,15.543821145506541,41055940
2018-11-09,15.278702735900879,15.416171178943422,15.24924478430786,15.416171178943422,147344044
2018-11-12,15.317975997924805,15.37689188954186,15.229603658792582,15.268879921008377,24513040
2018-11-13,15.141226768493652,15.170684708362678,14.866288493537853,14.954662313144928,42823476
2018-11-14,15.190322875976562,15.200142688723417,15.121588681627776,15.170684748775919,25145500
2018-11-15,15.239421844482422,15.249241659098821,15.072495484057072,15.219783713542972,22737472
2018-11-16,15.111771583557129,15.308155887428143,15.092133452828694,15.308155887428143,35511616
2018-11-19,15.062675476074219,15.151049311607274,15.043037345386873,15.131411180919928,28221480
2018-11-20,14.925206184387207,15.023398330337123,14.876110111412249,15.003760200805788,34404492
2018-11-21,14.925206184387207,14.935025998299496,14.699363949043752,14.787737779374622,60492172
2018-11-22,14.846651077270508,14.974301157286328,14.846651077270508,14.944843216006811,23731212
2018-11-23,14.79755687713623,14.89574902827621,14.738642485428235,14.866291083275552,16128860
2018-11-26,14.954668998718262,15.11177558443339,14.876114956713831,14.905572909752209,25285068
2018-11-27,14.935028076171875,14.935028076171875,14.768100206198175,14.915388445614887,30455732
2018-11-28,15.10195255279541,15.11177086854841,14.876110314370734,14.954664331861046,30123040
2018-11-29,15.131413459777832,15.308158160875815,15.131413459777834,15.259062077616697,35502348
2018-11-30,15.072495460510254,15.190325744256226,15.072495460510254,15.160867798746397,16836844
2018-12-03,15.475085258483887,15.51436152378367,15.278700935398017,15.288519252576224,55367944
2018-12-04,15.367071151733398,15.4161672257006,15.337613207694424,15.4161672257006,16317136
2018-12-05,15.052862167358398,15.160872671216215,15.0528621673584,15.141234533996052,38529464
2018-12-06,14.748462677001953,14.895750922441309,14.699366595188836,14.895750922441309,81301684
2018-12-07,14.817193984985352,14.876109870920143,14.787737540311173,14.846651927952747,27108032
2018-12-10,14.620811462402344,14.709185301979778,14.620811462402344,14.630631277342081,52041136
2018-12-11,14.738642692565918,14.74846100884191,14.62081091090727,14.630630725476605,21232912
2018-12-12,14.964486122131348,14.974305938457617,14.80737954896632,14.856475634010444,34658780
2018-12-13,14.984127044677734,15.023403316776648,14.915391321064025,14.964487410334538,24950320
2018-12-14,14.79755687713623,14.885930712138205,14.719002856565583,14.885930712138205,35047356
2018-12-17,14.915385246276855,14.93502487262116,14.758278723574323,14.797554979676674,22553732
2018-12-18,14.787740707397461,14.83683679009361,14.738644624701312,14.827016974236964,30620004
2018-12-19,14.905570030212402,14.915388347132618,14.79755805603594,14.82701600338347,17973840
2018-12-20,14.738642692565918,14.836834845085894,14.728822877996583,14.728822877996583,38230852
2018-12-21,14.768096923828125,14.77791673692406,14.620808717147819,14.71900085493469,33860572
2018-12-24,14.66990852355957,14.728824420559206,14.64045207335325,14.699366472059388,23809316
2018-12-25,14.483342170715332,14.561896190621942,14.394969834753715,14.561896190621942,48285016
2018-12-26,14.444067001342773,14.591355237937186,14.434247186252444,14.532439343982052,35679876
2018-12-27,14.738642692565918,14.758280823411244,14.630630725476605,14.689546616305929,38461436
2018-12-28,14.82701587677002,14.82701587677002,14.699365771549738,14.74846185061189,18519500
2019-01-02,14.542261123657227,14.905571856679508,14.522621490823353,14.895752040262572,34128292
2019-01-03,14.404787063598633,14.532437149025743,14.385148934677508,14.493160891183491,53388588
2019-01-04,14.178948402404785,14.29678020216199,14.139672134681433,14.29678020216199,85169860
2019-01-07,14.522619247436523,14.542258877236558,14.385150828596643,14.44406672140996,58422552
2019-01-08,14.463704109191895,14.561896259969446,14.444065978695049,14.561896259969446,44026800
2019-01-09,14.728822708129883,14.758280653204809,14.522618590898734,14.522618590898734,45722092
2019-01-10,14.689547538757324,14.709185670835856,14.630631644228291,14.689547538757324,11293132
2019-01-11,14.82701587677002,14.876111955832172,14.758281665741691,14.787739612837669,41451660
2019-01-14,14.728822708129883,14.817195045061332,14.679726632436116,14.817195045061332,21193620
2019-01-15,14.856473922729492,14.8859318700215,14.738643631854902,14.738643631854902,47345800
2019-01-16,14.836836814880371,14.866293265912441,14.79755904968171,14.85647494833293,61370012
2019-01-17,14.836836814880371,14.905571031111101,14.758282782776591,14.846655132459881,40082956
2019-01-18,14.915385246276855,14.944843187500183,14.807374792848826,14.876108990174504,33173964
2019-01-21,15.023397445678711,15.062673702428583,14.974301375594795,14.993939503969731,41019024
2019-01-22,14.99303150177002,15.063896294907181,14.942413571709672,15.063896294907181,35355724
2019-01-23,14.922163009643555,14.982905134841532,14.912040351934834,14.982905134841532,25629768
2019-01-24,14.99303150177002,15.013278364846833,14.932289367802948,14.972783093956572,14002024
2019-01-25,15.185376167297363,15.205623026573157,15.094264528188116,15.10438718545784,29283112
2019-01-28,15.215746879577637,15.27648745601182,15.195500020766243,15.215746879577637,15300572
2019-01-29,15.084142684936523,15.094266888525746,15.023400552874358,15.084142684936523,17679160
2019-01-30,15.053771018981934,15.1145131486234,15.023399954161201,15.084142083802668,21020916
2019-02-11,15.215746879577637,15.31698271837092,15.155004758407143,15.256240597200426,26459600
2019-02-12,15.316984176635742,15.337231037374755,15.25624204968225,15.25624204968225,24656600
2019-02-13,15.286613464355469,15.37772511214246,15.266366603151303,15.37772511214246,16630800
2019-02-14,15.235992431640625,15.337228261751195,15.235992431640625,15.28661034669591,14566168
2019-02-15,15.195501327514648,15.306859832921832,15.16513026431762,15.246119251264217,14064444
2019-02-18,15.316984176635742,15.367602100851501,15.286613113158996,15.286613113158996,26384652
2019-02-19,15.286613464355469,15.3271071867638,15.286613464355469,15.3271071867638,11448276
2019-02-20,15.458711624145508,15.489082683452466,15.367599990960873,15.367599990960873,137231412
2019-02-21,15.610564231872559,15.610564231872559,15.468834691808855,15.468834691808855,74659260
2019-02-22,15.580195426940918,15.580195426940918,15.489083787263322,15.580195426940918,39524068
2019-02-25,15.691553115844727,15.742171029121646,15.651059403117642,15.66118205893135,77461416
2019-02-26,15.732048034667969,15.752296437319977,15.651060603004904,15.721925378078208,63612204
2019-02-27,15.721925735473633,15.732048392293507,15.661183615609286,15.732048392293507,51629956
2019-03-04,15.580195426940918,15.701679672826184,15.529577506067508,15.701679672826184,33878280
2019-03-05,15.539702415466309,15.570073478320044,15.478960289758842,15.509331352612575,37601972
2019-03-06,15.580195426940918,15.600443831079366,15.539701708136732,15.559948567538825,78319168
2019-03-07,15.519460678100586,15.600449690866125,15.509336472228544,15.570078617986931,72959080
2019-03-08,15.387846946716309,15.458711722392094,15.347353230540504,15.428340662892113,39900800
2019-03-11,15.41822338104248,15.41822338104248,15.327110170780276,15.357481240867678,18569560
2019-03-12,15.640934944152832,15.681428656210892,15.549823319654148,15.559945975300614,55429872
2019-03-13,15.610564231872559,15.630811088347926,15.549823662446457,15.600441576002941,40594116
2019-03-14,15.600446701049805,15.671311494362104,15.580198293186314,15.651064631235252,20835024
2019-03-15,15.71180248260498,15.732049342203522,15.620690842043363,15.661184561240445,45935004
2019-03-18,15.813036918640137,15.813036918640137,15.721925286183614,15.742172143981037,48874832
2019-03-19,15.873779296875,15.873779296875,15.762419260060085,15.813037177751182,34417184
2019-03-20,15.894028663635254,15.904152866665926,15.833286534924213,15.863657599279733,47424108
2019-03-21,16.025636672973633,16.025636672973633,15.924400814704358,15.954771881132462,45364852
2019-03-22,16.066123962402344,16.136988725855552,16.005383398615017,16.096495016664,27721428
2019-03-25,15.823166847229004,15.86366057748088,15.7927957771717,15.813042642297638,28083024
2019-03-26,15.924398422241211,15.934521079705359,15.873780500711351,15.89402736037602,10800360
2019-03-27,15.894028663635254,15.934522386284947,15.833286534924213,15.88390446060458,10222736
2019-03-28,15.894028663635254,15.9142755249601,15.823163876630039,15.85353494098556,13661728
2019-03-29,16.025636672973633,16.025636672973633,15.843411819141616,15.934523473689321,22721936
2019-04-01,16.1673641204834,16.278724167760387,16.11674619803684,16.197735182898615,44213620
2019-04-02,16.22810935974121,16.288849951492306,16.217985155414347,16.217985155414347,22420368
2019-04-03,16.22810935974121,16.288849951492306,16.18761408717045,16.27872729190214,27468696
2019-04-08,16.37995719909668,16.400204055650253,16.33946194125339,16.359710342543103,31963128
2019-04-09,16.481197357177734,16.481197357177734,16.369837299768047,16.39008416164166,61088188
2019-04-10,16.501440048217773,16.5115642489639,16.420451076457205,16.420451076457205,43452644
2019-04-11,16.430578231811523,16.511567218135834,16.379960308450883,16.471071952605463,33089720
2019-04-12,16.42045021057129,16.460945466684247,16.400203354882844,16.430574410783546,29993636
2019-04-15,16.57230567932129,16.602676738399754,16.51156510590059,16.53181196370749,30726216
2019-04-16,16.6229248046875,16.633049006695092,16.56218422685098,16.57230688412223,31071724
2019-04-17,16.754531860351562,16.784902921915783,16.663420220395253,16.663420220395253,92419348
2019-04-18,16.744409561157227,16.876016479734325,16.693791634376538,16.7849048294237,82761460
2019-04-19,16.764657974243164,16.906387551390143,16.744409567733708,16.855769624589573,50062636
2019-04-22,16.744409561157227,16.825398552953637,16.73428690264301,16.805151691188666,11497248
2019-04-23,16.815277099609375,16.84564662206518,16.71404123879231,16.744410761248112,24048124
2019-04-24,16.845643997192383,16.916510324511318,16.78490341700867,16.886139262051262,12434224
2019-04-25,16.886140823364258,16.896263481962627,16.805151830894566,16.82539869282785,14116156
2019-04-26,16.693790435791016,16.764656763985126,16.643172512644608,16.764656763985126,15260360
2019-04-29,16.764657974243164,16.795027494534278,16.703915844187865,16.724162705960786,12647828
2019-04-30,16.764657974243164,16.784904836016086,16.683668982414947,16.764657974243164,12991564
2019-05-02,16.80515480041504,16.8962664675828,16.78490793490407,16.795030595291145,24622252
2019-05-03,16.95700454711914,16.967128749817974,16.825397635716598,16.825397635716598,121297864
2019-05-06,16.66341781616211,16.72415838579042,16.612799902437118,16.72415838579042,29854448
2019-05-07,16.835521697998047,16.865892761104778,16.734285850799907,16.734285850799907,56045768
2019-05-08,16.714038848876953,16.774779429840002,16.65329672317748,16.68366778602722,54292568
2019-05-09,16.511568069458008,16.64317344119199,16.450825940398854,16.633050782839806,27694692
2019-05-10,16.501440048217773,16.633046934236678,16.379957362944996,16.5115642489639,47176540
2019-05-13,16.22810935974121,16.420456884058062,16.217985155414347,16.420456884058062,74712424
2019-05-14,16.126873016357422,16.207862014356405,15.975019224385575,16.116748812331306,81118520
2019-05-15,16.14711570739746,16.19773362497551,16.0863735884093,16.126868849313492,69047356
2019-05-16,16.00539207458496,16.116750607593335,15.995267869431096,16.09650374202243,68399896
2019-05-17,15.843408584594727,16.106622380252478,15.843408584594727,16.096498178597837,94295304
2019-05-20,15.833285331726074,15.954769579916364,15.823162674201141,15.89402745582122,57219052
2019-05-21,15.873779296875,15.883901953571465,15.732048200498177,15.792790319621995,79259372
2019-05-22,15.873779296875,15.924397214566095,15.813037177751182,15.833284035880368,42231964
2019-05-23,15.580195426940918,15.762420251032463,15.559948567538825,15.762420251032463,102730308
2019-05-24,15.661181449890137,15.691552505622424,15.590316683005506,15.600440883161623,24117696
2019-05-27,15.620688438415527,15.691553208474314,15.559946324230207,15.691553208474314,46164288
2019-05-28,15.610564231872559,15.640935288953676,15.559946318316074,15.640935288953676,39249240
2019-05-29,15.539702415466309,15.549826617996363,15.448590771641534,15.489084492288894,38638076
2019-05-30,15.671308517456055,15.691555376736833,15.539701615026477,15.539701615026477,30634636
2019-05-31,15.883905410766602,15.883905410766602,15.651064174497746,15.661186833397448,30265240
2019-06-03,15.904152870178223,15.92439973150754,15.721928028741358,15.833286538420856,24070776
2019-06-04,15.802916526794434,15.91427503300695,15.792792324076727,15.88390396959028,28915316
2019-06-05,15.853532791137695,15.98513814427086,15.843408589479933,15.964891285691627,28207576
2019-06-06,15.732048034667969,15.76241909390974,15.681430117510432,15.732048034667969,29824812
2019-06-10,16.00539207458496,16.00539207458496,15.863660926114994,15.924403067564526,30667052
2019-06-11,16.07625389099121,16.157242882971484,16.005389102284674,16.035758622632805,42495944
2019-06-12,16.136991500854492,16.157239903668273,16.045879867137486,16.076250926621906,37033184
2019-06-13,16.00539207458496,16.106627947176296,15.985143664277233,16.07625687645153,23659764
2019-06-14,15.975020408630371,16.02563834304001,15.954773543813866,15.995267273446874,12656348
2019-06-17,15.934524536132812,15.98514246864243,15.813041807057074,15.883906603623196,24564512
2019-06-18,15.975020408630371,15.995267273446874,15.914278269444093,15.954773543813866,11561508
2019-06-19,16.349590301513672,16.3597145047343,16.187612318402824,16.19773652162345,87330036
2019-06-20,16.369836807250977,16.4002078715159,16.32934308472208,16.349589945986526,46327976
2019-06-21,16.369836807250977,16.440701594044796,16.359714148987,16.420454732780346,61374128
2019-06-24,16.440702438354492,16.501444570003738,16.3394665820968,16.3597149891376,66402988
2019-06-25,16.349590301513672,16.48119721969917,16.31921923658832,16.430579293069094,31764512
2019-06-26,16.268600463867188,16.319218387864744,16.248353603215456,16.319218387864744,23653408
2019-06-27,16.501440048217773,16.521686904973876,16.309092591930554,16.309092591930554,61405316
2019-06-28,16.37995719909668,16.511564083799126,16.369832998451823,16.491315682509413,15762744
2019-07-01,16.734285354614258,16.76465641682046,16.612802650525843,16.612802650525843,55085580
2019-07-02,16.693790435791016,16.744408358937424,16.68366777800359,16.734285701149997,20837160
2019-07-03,16.501440048217773,16.673540647748887,16.47106899071554,16.673540647748887,34461696
2019-07-04,16.602680206298828,16.64317393037079,16.562186482226867,16.562186482226867,23110224
2019-07-05,16.582433700561523,16.673545354049384,16.562186838090508,16.62292742550355,6451732
2019-07-08,16.52168846130371,16.602677440693377,16.481194743977028,16.562183723366694,15436232
2019-07-09,16.501440048217773,16.55205796247611,16.481193191461667,16.55205796247611,16332620
2019-07-10,16.643171310424805,16.653295512217333,16.572306532086035,16.592553390934782,17710920
2019-07-11,16.774778366088867,16.81527362889937,16.7039135870909,16.734284648014693,41519092
2019-07-12,16.754531860351562,16.805149781379814,16.74440765825137,16.77477871981559,11890020
2019-07-15,16.845643997192383,16.876015059652442,16.653296509506024,16.77477921460985,37344172
2019-07-16,16.876014709472656,16.89626156911377,16.83552099019043,16.845643647642802,22012980
2019-07-17,16.764657974243164,16.855769624589573,16.764657974243164,16.855769624589573,42394120
2019-07-18,16.744409561157227,16.795027487937915,16.72416269939226,16.72416269939226,30164104
2019-07-19,16.948612213134766,17.040501656181164,16.948612213134766,16.948612213134766,39123688
2019-07-22,17.030290603637695,17.050710304393625,16.9690299434466,16.9690299434466,33474176
2019-07-23,17.071128845214844,17.132389501243452,17.050709145846373,17.071128845214844,23596464
2019-07-24,17.0609188079834,17.132388530685848,17.0609188079834,17.101758204406767,13457344
2019-07-25,17.111968994140625,17.111968994140625,17.030288642599096,17.06091896916756,19726636
2019-07-26,16.999658584594727,17.030288911647094,16.989447956269554,17.030288911647094,12518748
2019-07-29,17.040498733520508,17.040498733520508,16.95881993500976,16.969029005861994,12168984
2019-07-30,16.98944664001465,17.09154668366359,16.98944664001465,17.071126986518408,8333496
2019-07-31,16.907772064208984,16.979241800986184,16.836300769508366,16.979241800986184,12477048
2019-08-01,16.805665969848633,16.856715986090066,16.76482502210177,16.78524471701377,20171772
2019-08-02,16.52999496459961,16.58104498185646,16.458525252024593,16.550416217840663,67385608
2019-08-05,16.366640090942383,16.509579553182302,16.315590060439085,16.478949223295665,82638024
2019-08-06,16.356426239013672,16.427895956052165,16.029706419749864,16.0603367436015,99607384
2019-08-07,16.27474594116211,16.37684598234361,16.24411717514605,16.366636912979256,67424016
2019-08-08,16.468738555908203,16.499368882826353,16.336008177878313,16.346218806158745,20144484
2019-08-12,16.458526611328125,16.509576632801178,16.366637195845833,16.46873723879194,12672120
2019-08-13,16.27474594116211,16.366636912979256,16.24411717514605,16.366636912979256,29726076
2019-08-14,16.397274017333984,16.49937410073476,16.397274017333984,16.478952837715696,29528552
2019-08-15,16.213491439819336,16.25433084468078,16.152230774603737,16.17265047703446,63888356
2019-08-16,16.4074764251709,16.4074764251709,16.182856644528602,16.22369603812793,24634992
2019-08-19,16.499370574951172,16.519790275683075,16.397270513368365,16.48915994562357,25901408
2019-08-20,16.540210723876953,16.56063042553163,16.499371320567594,16.509580392433246,16716788
2019-08-21,16.56062889099121,16.5708395198341,16.51978949146611,16.52999856238577,24371584
2019-08-22,16.51978874206543,16.672938820221926,16.499369043229194,16.601469095333528,37517592
2019-08-23,16.540210723876953,16.56063042553163,16.489160690778565,16.51979102222227,12844144
2019-08-26,16.26453971862793,16.356429148605763,16.254329089553387,16.295170047928295,49169240
2019-08-27,16.30537986755371,16.376849600586432,16.284960166390555,16.36664052896652,10143456
2019-08-28,16.41769027709961,16.44832060727665,16.35642961674553,16.35642961674553,13272752
2019-08-29,16.448320388793945,16.45852946010181,16.336009698944387,16.427899130331635,12934596
2019-08-30,16.71377944946289,16.723990078594966,16.570839989153477,16.570839989153477,77483576
2019-09-02,16.723989486694336,16.744409186312513,16.672939458687285,16.70356978707616,25831480
2019-09-03,16.581050872802734,16.744411609232923,16.581050872802734,16.713781276411833,20211700
2019-09-04,16.775041580200195,16.78525065230471,16.621891477321782,16.632100549426298,42995084
2019-09-05,16.948612213134766,16.98945161939461,16.856722770088368,16.856722770088368,101717560
2019-09-06,17.050710678100586,17.060921307663993,16.999660646130227,16.999660646130227,68905212
2019-09-10,17.030290603637695,17.142599736756964,16.98944964420253,17.142599736756964,20687388
2019-09-11,17.040498733520508,17.132389718729925,17.009869963040586,17.101759390326787,18984800
2019-09-12,17.132387161254883,17.203856878244597,17.10175683742415,17.173226554413866,37124488
2019-09-16,17.234487533569336,17.244696603093953,17.142596560309684,17.15280718775732,43719168
2019-09-17,17.203859329223633,17.244698728200873,17.19364870051772,17.23448965741817,19867120
2019-09-18,17.3468017578125,17.35701238826911,17.22428198195059,17.234492612407198,67997944
2019-09-19,17.244699478149414,17.387640496632486,17.234490406922728,17.34679953795592,31109456
2019-09-20,17.295745849609375,17.336586799647154,17.285536780542138,17.285536780542138,32926796
2019-09-23,17.254911422729492,17.32638115845789,17.254911422729492,17.285541754591204,17479356
2019-09-24,17.285539627075195,17.32637902591534,17.22427897089177,17.25490929898348,19408048
2019-09-25,17.17323112487793,17.224281158874547,17.132391720849995,17.224281158874547,15710696
2019-09-26,17.21407127380371,17.295750078001866,17.18344094326774,17.244700046416355,20778748
2019-09-27,17.27532958984375,17.397849348481994,17.254909889724583,17.3365902481245,35538780
2019-10-01,17.55099868774414,17.561209316329887,17.31616980950386,17.31616980950386,36467632
2019-10-02,17.489736557006836,17.54078657523632,17.47952593019177,17.47952593019177,22614632
2019-10-03,17.3161678314209,17.37742692216798,17.21406778891941,17.234487485835107,19472948
2019-10-04,17.387636184692383,17.438686201935802,17.305955845518337,17.397845253387334,14987948
2019-10-07,17.448898315429688,17.489739271104824,17.39784828927814,17.438689244953277,16562988
2019-10-08,17.66330909729004,17.683728796222503,17.530578717344266,17.530578717344266,48781740
2019-10-09,17.52037239074707,17.602051199268846,17.52037239074707,17.59184212716533,27667316
2019-10-14,17.877716064453125,17.877716064453125,17.765405407101166,17.765405407101166,37965192
2019-10-15,17.908349990844727,17.938980320583344,17.826671188772803,17.877721219029397,17510440
2019-10-16,17.990032196044922,18.000242826312842,17.938982160552218,17.96961249343253,15934688
2019-10-17,18.0002384185791,18.0002384185791,17.928768697974853,17.979818720966897,10163532
2019-10-18,17.959396362304688,18.102337352656328,17.949187293087192,18.00023731294357,11263192
2019-10-21,17.93897819519043,17.969608521299996,17.918558497091755,17.959397893289104,4310608
2019-10-22,18.112548828125,18.132970085118888,18.010448774848257,18.010448774848257,13025596
2019-10-23,18.06150245666504,18.13297375476123,18.03087368082209,18.11255249363461,10322624
2019-10-24,18.132966995239258,18.132966995239258,18.07170635054283,18.112545741725175,10318236
2019-10-25,18.132966995239258,18.21464577760395,18.092126046134002,18.21464577760395,31884760
2019-10-28,18.214649200439453,18.235070457791032,18.173809801582706,18.224859829115243,20039096
2019-10-29,18.26569938659668,18.306540343731303,18.245279686990976,18.27591001536114,29643940
2019-10-30,18.347375869750977,18.347375869750977,18.235066766666815,18.265695530647932,21537080
2019-10-31,18.39842987060547,18.500529927110406,18.35759047117278,18.35759047117278,37832656
2019-11-01,18.39842987060547,18.41884957032181,18.326960142636654,18.378010170889127,11227112
2019-11-04,18.827251434326172,18.837462064034288,18.490322464885384,18.490322464885384,26922724
2019-11-05,18.970191955566406,18.970191955566406,18.857881263460694,18.868091892896967,15865116
2019-11-06,19.062076568603516,19.062076568603516,18.93955683596622,18.980396227537675,17977276
2019-11-07,18.959980010986328,19.03144973831283,18.857879955398978,19.03144973831283,12200472
2019-11-08,18.898719787597656,19.000819837108345,18.868089461159826,18.99060920898803,11562144
2019-11-11,18.612838745117188,18.878297930644116,18.592419047449432,18.868088860771774,23437376
2019-11-12,18.786409378051758,18.786409378051758,18.69451995535011,18.69451995535011,9705188
2019-11-13,18.67409896850586,18.71493992423663,18.592420172890645,18.694520225332827,7742180
2019-11-14,18.663888931274414,18.74556928058196,18.6230479776591,18.704728326966645,8697124
2019-11-15,18.847671508789062,18.888510909207234,18.786410850238546,18.786410850238546,10043516
2019-11-18,18.970191955566406,18.970191955566406,18.868091892896967,18.88851159384619,8350452
2019-11-19,19.113128662109375,19.113128662109375,18.919139194199452,18.970189218167654,11286496
2019-11-20,19.041662216186523,19.11313195045349,19.011031884951148,19.11313195045349,31818476
2019-11-21,18.88850975036621,18.898720378805947,18.745570299748923,18.847670352453605,13135352
2019-11-22,18.898719787597656,18.939559184232685,18.868089461159826,18.898719787597656,6026176
2019-11-25,18.908931732177734,19.01103179720885,18.898722660428636,18.9906120957873,10082776
2019-11-26,18.959980010986328,19.05187099576887,18.94977094018152,18.980399710519155,15309920
2019-11-27,19.031450271606445,19.031450271606445,18.939560842172217,18.95998054227724,7830704
2019-11-28,18.980396270751953,19.041656916171544,18.949767505965088,19.041656916171544,5410880
2019-11-29,18.684309005737305,18.959978827024216,18.67409837764689,18.959978827024216,21376832
2019-12-02,18.796621322631836,18.817041022670722,18.735360664591937,18.776200064669705,8273364
2019-12-03,18.796621322631836,18.827250093728537,18.704730335571988,18.72515003561087,5643176
2019-12-04,18.725149154663086,18.765990110742692,18.663890057428446,18.755779482241994,9242032
2019-12-05,18.970191955566406,18.99061165651563,18.8272509330752,18.857881263460694,13764200
2019-12-06,19.000823974609375,19.09271341600902,18.93956330839397,19.051874010481054,13577732
2019-12-09,19.123342514038086,19.15397284516753,19.03145152064975,19.03145152064975,11648776
2019-12-10,18.990612030029297,19.072292393356026,18.949772627327604,19.072292393356026,21181724
2019-12-11,19.143760681152344,19.143760681152344,18.98039996683722,18.990610595703124,7747088
2019-12-12,19.57257843017578,19.62362845297641,19.266278293372018,19.266278293372018,33680444
2019-12-13,19.7869930267334,19.889093092343042,19.746152065735522,19.756362695465832,23520544
2019-12-16,19.77678108215332,19.817622040435904,19.735941681793996,19.797200782332983,281792
2019-12-17,20.042238235473633,20.042238235473633,19.746147183657808,19.756357810863623,18812892
2019-12-18,20.05245018005371,20.072871437393516,19.97077138238729,20.0116107812205,15049420
2019-12-19,19.940139770507812,20.052448889030018,19.919720072405877,20.0422398189406,9084028
2019-12-20,19.797199249267578,19.919720556704203,19.74614922381003,19.919720556704203,13413940
2019-12-23,19.838043212890625,19.86867354439497,19.79720225157704,19.80741288138628,13666916
2019-12-24,19.848249435424805,19.899299461295676,19.848249435424805,19.868670692111674,5638912
2019-12-25,19.87887954711914,19.899299245661584,19.81762045149181,19.848249220343906,7156668
2019-12-26,19.87887954711914,19.919720502127163,19.827829521801462,19.919720502127163,12383876
2019-12-27,20.011613845825195,20.042244178602473,19.929933477726937,19.929933477726937,11912188
2019-12-30,19.97077178955078,20.062661217760542,19.929930831961702,20.011611189216623,12555048
2019-12-31,19.797199249267578,19.848249274725124,19.797199249267578,19.827829576126735,17215788
2020-01-02,19.940139770507812,20.011609492826143,19.817620023973088,19.817620023973088,19528060
2020-01-03,19.940139770507812,20.154548937462803,19.80740939596057,20.072870145055056,27254188
2020-01-06,19.684892654418945,19.827832120876,19.684892654418945,19.817623049228118,37287072
2020-01-07,19.62363052368164,19.746150279746942,19.480691067925992,19.695100251559463,25314408
2020-01-08,19.531740188598633,19.644049310638863,19.40922043822604,19.439849207376824,34067980
2020-01-09,19.797199249267578,19.827829576126735,19.66447042941647,19.66447042941647,28655772
2020-01-10,19.868667602539062,19.970767638404272,19.797196331095087,19.909506993715983,36287700
2020-01-13,20.011613845825195,20.0320335483689,19.909513775183232,19.980983513047917,26603592
2020-01-14,20.134132385253906,20.1851824174467,20.093292982669006,20.113712683961456,46179824
2020-01-15,19.929931640625,20.15455146374762,19.899301310671166,20.15455146374762,41037416
2020-01-16,19.868667602539062,19.909506993715983,19.80740695785077,19.838037280194914,34745996
2020-01-17,19.868667602539062,19.960557011648586,19.82782665343923,19.9503463848929,32484536
2020-01-20,19.95035171508789,20.011612376143376,19.919722942483475,19.919722942483475,27879780
2020-01-30,18.81703758239746,19.39900749568337,18.81703758239746,19.39900749568337,129051496
2020-01-31,18.96462631225586,19.112211922952294,18.901376714995944,19.112211922952294,89991068
2020-02-03,18.774871826171875,18.79595502067042,18.46915987603675,18.658911843612923,63294372
2020-02-04,19.101667404174805,20.440470504754604,19.101667404174805,20.440470504754604,35617884
2020-02-05,19.15437889099121,19.249255702521257,19.038420488292306,19.18600449483456,26806032
2020-02-06,19.4600887298584,19.4600887298584,19.25979433372262,19.323045534301258,42785908
2020-02-07,19.22817039489746,19.32304720396351,19.175461592709098,19.32304720396351,38219312
2020-02-10,19.186004638671875,19.228171038415773,18.890835014829452,18.975169422862294,29235632
2020-02-11,19.344125747680664,19.3862921358654,19.2597913627666,19.2597913627666,20461608
2020-02-12,19.53388023376465,19.586589030073487,19.396837041652706,19.396837041652706,22560468
2020-02-13,19.565507888793945,19.660383088699437,19.544423081219414,19.607674286853058,23017268
2020-02-14,19.597131729125977,19.66038293426277,19.512798933670204,19.565507735102543,19952660
2020-02-17,19.4600887298584,19.51279752749231,19.386295126335042,19.4600887298584,25064844
2020-02-18,19.196542739868164,19.31250111744369,19.186000338022804,19.270334727151624,50117424
2020-02-19,19.417917251586914,19.449542846216506,19.196541306268912,19.21762449984045,31788044
2020-02-20,19.333587646484375,19.50225645382735,19.25979564647618,19.470630851382424,26153344
2020-02-21,19.238710403442383,19.3862943877769,19.175459205273423,19.32304479815273,21604752
2020-02-24,18.99625015258789,19.059501352524016,18.911915755521335,19.027875752555953,54287744
2020-02-25,19.04895782470703,19.080583422807372,18.859205844649725,18.869748246864752,35360416
2020-02-26,18.85920524597168,18.922456440164478,18.743246868011134,18.79595566032357,60324012
2020-02-27,18.690536499023438,18.869746056059224,18.62728531016631,18.83812046163066,98752216
2020-03-02,18.41645622253418,18.606208243039063,18.311038612092034,18.44808182737584,111578564
2020-03-03,18.679994583129883,18.75378656634979,18.60620259990998,18.732703372364757,44287600
2020-03-04,18.80649757385254,18.80649757385254,18.637830393533036,18.72216478796518,33749660
2020-03-05,19.017332077026367,19.027874479158474,18.92245689201632,18.932999294148427,39141932
2020-03-06,18.627288818359375,18.901375210301243,18.616748023927677,18.901375210301243,68385504
2020-03-09,18.10019874572754,18.300493119288404,18.04748995403436,18.300493119288404,110937704
2020-03-10,18.195079803466797,18.195079803466797,17.899910179045524,17.92099337895882,95137380
2020-03-11,17.984241485595703,18.24778546042246,17.931532690630352,18.226700655600503,61226280
2020-03-12,17.32010841369629,17.815570709347934,17.109273257372642,17.815570709347934,179640984
2020-03-13,17.077651977539062,17.16198638308776,16.01293352564486,16.445146348741318,214819440
2020-03-16,16.297561645507812,16.951150445486775,16.223768038481296,16.866816043559993,135255804
2020-03-17,15.781012535095215,16.171057287335337,15.665054153912871,15.665054153912871,204583328
2020-03-18,15.34880256652832,15.865348141676591,15.34880256652832,15.802096940883196,187162012
2020-03-19,14.452752113342285,14.96929765666858,14.178665738182563,14.96929765666858,272153360
2020-03-20,15.601801872253418,15.601801872253418,14.948213196611187,14.969296390945848,163642132
2020-03-23,14.927131652832031,15.201216426578576,14.663587673146049,14.96929804616387,89860468
2020-03-24,15.654509544372559,15.875887090438054,15.538549570996441,15.570175164512156,107027372
2020-03-25,16.202682495117188,16.32918327542641,16.044556117594485,16.19214170174249,130751280
2020-03-26,16.276473999023438,16.329182789963983,16.023472445926664,16.318641996902663,76862752
2020-03-27,16.149974822998047,16.59272838906826,16.118349223590574,16.508395602041404,87815604
2020-03-30,15.991852760314941,16.055103976239394,15.612350290403942,15.749391910664857,54423532
2020-03-31,16.05510139465332,16.276477397702187,15.939141386952736,16.19214460142356,39056000
2020-04-01,16.002391815185547,16.16051821334243,15.99184941189046,16.128892612002073,39792068
2020-04-06,16.244850158691406,16.25539095184837,15.970763799895792,16.223765355288158,48830504
2020-04-07,16.550561904907227,16.634896300016987,16.455686715749245,16.550561904907227,61208152
2020-04-08,16.782482147216797,16.80356534619741,16.51893813859673,16.550563741340135,60922792
2020-04-09,16.708688735961914,16.88789832498566,16.624354338614022,16.835189527711332,62600420
2020-04-10,16.719228744506836,16.72976953732527,16.592726362328737,16.655977553417785,23299116
2020-04-13,16.61381721496582,16.740318034664504,16.561108406045935,16.65598361868365,29723656
2020-04-14,17.067108154296875,17.067108154296875,16.66652257620802,16.66652257620802,52487168
2020-04-15,17.11981773376465,17.183068937689455,17.077651336844735,17.130360137267097,69444464
2020-04-16,17.03548240661621,17.098731992590377,16.87735602886375,16.908980017578486,49638100
2020-04-17,17.552030563354492,17.710156964826155,17.4360705588573,17.499321762863936,138128152
2020-04-20,17.49932098388672,17.60473858017519,17.457154588789276,17.552029782030957,49345664
2020-04-21,16.993314743041992,17.42552749418618,16.972231547300876,17.42552749418618,84329816
2020-04-22,16.993314743041992,16.993314743041992,16.761396372800245,16.86681396005056,43584604
2020-04-23,17.056564331054688,17.288482679435766,16.930063559987243,17.109273119711506,53195792
2020-04-24,17.056564331054688,17.0776475248085,16.961687546345672,17.035481137300877,23059008
2020-04-27,17.404447555541992,17.414988351112807,17.214695541271972,17.320113148250314,55670896
2020-04-28,17.404447555541992,17.478239558717824,17.288487544447808,17.478239558717824,30226644
2020-04-29,17.64690589904785,17.68907390489756,17.488779496337585,17.50986430353491,47496316
2020-04-30,18.026409149169922,18.026409149169922,17.79449075667905,17.80503155128848,75140624
2020-05-04,17.49932098388672,17.562572185077748,17.330652186407214,17.372820190049524,62593520
2020-05-05,17.583656311035156,17.667990714227727,17.49932190784259,17.604739509697062,31242544
2020-05-06,17.604738235473633,17.65744703258583,17.414986244160758,17.56257184120181,24570372
2020-05-07,17.678531646728516,17.741782851750926,17.562573248914042,17.604739646565676,24563980
2020-05-08,17.783946990966797,17.868281384105153,17.71015500017502,17.836655785610176,24136052
2020-05-11,17.93153190612793,18.005323894142077,17.857738309569086,17.92098950417818,26621688
2020-05-12,17.7206974029541,17.836655786045508,17.636363009813685,17.836655786045508,46197460
2020-05-13,17.773406982421875,17.794490179501764,17.625821385772998,17.646904582852887,19868660
2020-05-14,17.562572479248047,17.678530871980737,17.541487672801292,17.66799007730225,34973072
2020-05-15,17.678531646728516,17.762866050576744,17.50986444757702,17.72069965292511,24763124
2020-05-18,17.530948638916016,17.594198238974336,17.457156634575448,17.509865438896576,33086812
2020-05-19,17.689071655273438,17.815572439644807,17.636362861073305,17.794489243673702,21911100
2020-05-20,17.667987823486328,17.75232060433587,17.604736629304487,17.7101542139111,39576564
2020-05-21,17.81557273864746,17.878823936167077,17.731238344802897,17.741780747237758,30272188
2020-05-22,17.48877716064453,17.689071542454425,17.47823636699858,17.667988346617786,53416584
2020-05-25,17.604738235473633,17.604738235473633,17.32011105277674,17.530946241225525,21002176
2020-05-26,17.805030822753906,17.84719882510086,17.67853003280268,17.76286442895177,61819796
2020-05-27,17.783946990966797,17.889364580253552,17.720697402521598,17.857738981758576,18359068
2020-05-28,17.678531646728516,17.899909255761997,17.615282050251064,17.899909255761997,29907636
2020-05-29,17.805030822753906,17.805030822753906,17.499320446326372,17.58365484247546,21282760
2020-06-01,17.899904251098633,17.95261303769872,17.79448667789846,17.805027470091765,33461284
2020-06-02,17.984241485595703,18.026407878150078,17.920990288219375,17.920990288219375,47788240
2020-06-03,18.300495147705078,18.321578345010266,18.15290954947908,18.1634519524041,72468976
2020-06-04,18.469161987304688,18.500787586940046,18.374286796943434,18.448078790396057,60146212
2020-06-05,18.627288818359375,18.627288818359375,18.490245622388443,18.490245622388443,39666328
2020-06-08,18.869749069213867,18.933000268171057,18.722165083040174,18.743248279844302,62198168
2020-06-09,18.890830993652344,18.93299899296524,18.753787810838663,18.890830993652344,45426316
2020-06-10,19.07004165649414,19.1227504522374,18.880291278654234,18.90137447524258,43995588
2020-06-11,18.774871826171875,19.154374152779596,18.764329424650285,19.07003976624078,56716768
2020-06-12,18.6062068939209,18.658915695320108,18.363746085775542,18.39537168832406,86253484
2020-06-15,18.342660903930664,18.616747284993522,18.321577707359243,18.574579283305887,38294800
2020-06-16,18.74324607849121,18.806495661475065,18.585119708214645,18.585119708214645,43364188
2020-06-17,18.764331817626953,18.80649821200144,18.61674782877142,18.80649821200144,46040944
2020-06-18,18.74324607849121,18.827580464347637,18.62728609687055,18.774871674255447,20143004
2020-06-19,18.732707977294922,18.795959183343207,18.69054157895939,18.764333580319065,9335940
2020-06-22,18.774871826171875,18.91191339468474,18.73270382863015,18.73270382863015,42317824
2020-06-23,18.85920524597168,18.985707634357276,18.722163672795098,18.89083084306808,34659556
2020-06-24,18.975168228149414,19.08058582941691,18.93300183106039,18.93300183106039,40247616
2020-06-29,18.78541374206543,18.89083132940423,18.690538556878398,18.817039339976013,39140028
2020-06-30,18.954084396362305,18.96462519100993,18.848666798616737,18.880292399649385,32140548
2020-07-01,19.080581665039062,19.164916049355888,18.964621685535352,18.964621685535352,39917000
2020-07-02,19.291418075561523,19.291418075561523,19.101666100650338,19.112208502579453,30405896
2020-07-03,19.51279640197754,19.554962794234534,19.41791960658216,19.41791960658216,59932652
2020-07-06,19.85013198852539,19.881757586389647,19.649837607748257,19.649837607748257,57877356
2020-07-07,19.923925399780273,20.13476058919594,19.83959100230504,20.029342994488104,55711092
2020-07-08,20.06096839904785,20.113677195887945,19.90284200852758,19.92392520555465,44581472
2020-07-09,20.124216079711914,20.208550468359057,20.06096649463506,20.176924871548295,28966628
2020-07-10,19.955549240112305,20.176925204349704,19.945006838153272,20.145301215562004,46010216
2020-07-13,20.25071907043457,20.261259863989164,20.08205028811389,20.113675885867107,48218048
2020-07-14,20.37721824645996,20.37721824645996,20.176923882176315,20.198008684712715,53922656
2020-07-15,20.461551666259766,20.651302011784356,20.38775807795074,20.51426045302649,85262896
2020-07-16,20.261260986328125,20.451012974813708,20.208552190001285,20.451012974813708,30528516
2020-07-17,20.493179321289062,20.598596913700106,20.38776172887802,20.461555330401595,72041880
2020-07-20,20.461551666259766,20.524801245253123,20.292882905188446,20.493175651484187,37945628
2020-07-21,20.960617065429688,21.045564168456774,20.620830273552574,20.631449269017672,98963900
2020-07-22,21.013708114624023,21.077418844867225,20.886288274368795,20.92876263460799,28975572
2020-07-23,20.992467880249023,21.00308687341183,20.833192704192154,20.992467880249023,24035888
2020-07-24,20.918140411376953,21.25792713969831,20.865048684444524,21.02432386524181,69510488
2020-07-27,21.937503814697266,21.990595545497374,21.618953429896614,21.618953429896614,91496696
2020-07-28,22.00121307373047,23.084284065597977,21.937503968462412,22.7763526728914,89691044
2020-07-29,21.778226852416992,22.043685484844158,21.682660772604667,21.831318578902426,38546660
2020-07-30,22.096778869628906,22.298526797321784,21.937503678219464,22.12863261172597,26348340
2020-07-31,22.043689727783203,22.14987320119212,21.969360000211985,22.06492609841874,21256084
2020-08-03,21.661426544189453,21.97997693454518,21.661426544189453,21.96935794010756,29035656
2020-08-04,21.937503814697266,21.948121188718662,21.77822862229694,21.77822862229694,19192588
2020-08-05,22.149873733520508,22.192346475812332,22.033071261871097,22.10739937099742,20425524
2020-08-06,22.383474349975586,22.500275187270166,22.266671892449942,22.39409172414906,29720380
2020-08-07,22.22420310974121,22.4153337014141,22.14987499637713,22.4153337014141,27214920
2020-08-10,22.425947189331055,22.479038921133558,22.107396798516035,22.107396798516035,23623008
2020-08-11,22.25605583190918,22.43656740582329,22.24543683687787,22.383475671129073,12796564
2020-08-12,21.92688751220703,22.086162724160108,21.873795774889338,22.086162724160108,23666892
2020-08-13,22.139253616333008,22.277292452135757,22.096780876192707,22.234818091764275,21845004
2020-08-14,22.19234275817871,22.19234275817871,21.979975841832506,22.043686564828764,15119800
2020-08-17,22.425947189331055,22.44718355800584,22.139252161643753,22.192343893446257,22566640
2020-08-18,22.29852867126465,22.48965924106458,22.224200566406665,22.44718488098061,14982444
2020-08-19,22.139253616333008,22.394093297637177,22.107398251112194,22.298528822205906,24173256
2020-08-20,21.364110946655273,22.04368603476049,20.960613491253888,22.04368603476049,74952860
2020-08-21,21.831323623657227,21.873796366567756,21.597718676955456,21.693284778851076,32530852
2020-08-24,21.89502716064453,21.99059323819635,21.725134612048304,21.84193543541492,14874236
2020-08-25,22.064924240112305,22.160488710039406,21.948121781107105,21.969358149954118,14439236
2020-08-26,22.149873733520508,22.160491108977833,22.001215895036594,22.08616299985151,10662080
2020-08-27,22.20296287536621,22.44718354533501,22.181724886472338,22.31976371312714,22824424
2020-08-28,21.979978561401367,22.139253768368043,21.87379509009025,22.05430666727291,15653196
2020-08-31,21.618955612182617,22.13925397845183,21.618955612182617,22.107398612709975,23039732
2020-09-01,21.948122024536133,21.948122024536133,21.629571627604605,21.756991462330994,22942548
2020-09-02,21.873796463012695,22.09678241485437,21.725140241939105,22.01183530842748,16532332
2020-09-03,21.937503814697266,22.1498707378977,21.916265826192387,22.022449287792604,20516792
2020-09-04,21.778226852416992,21.810080592123523,21.640188039508683,21.661424406056675,23664048
2020-09-07,21.746376037597656,21.88441487935688,21.640192562433832,21.778231404193054,21998628
2020-09-08,21.873796463012695,21.895032834561594,21.75699398914681,21.8207047240248,18017812
2020-09-09,21.725135803222656,21.735753176712198,21.48091352972974,21.60833335322097,25096132
2020-09-10,21.91626739501953,21.948122759826102,21.788847556024415,21.83132191584356,14325348
2020-09-11,21.92688751220703,21.94812388308786,21.83132303312768,21.916268516650995,11621164
2020-09-14,22.20296287536621,22.20296287536621,21.926885222056605,21.979976953829137,23013896
2020-09-15,22.28790855407715,22.34100028633577,22.139252351845442,22.181725089559905,21755072
2020-09-16,22.627695083618164,22.723259545764982,22.58522072915106,22.627695083618164,59421060
2020-09-17,22.383474349975586,22.585222281813266,22.3197636240105,22.52151317607924,34995384
2020-09-18,22.362239837646484,22.447185319009687,22.26667374076608,22.383476207987282,19806876
2020-09-21,22.181724548339844,22.489657560065133,22.16048818000077,22.340999741229496,22838940
2020-09-22,21.89502716064453,22.149868413885176,21.86317180146059,22.149868413885176,26544220
2020-09-23,21.863174438476562,21.97997689616212,21.74637360102207,21.97997689616212,21448400
2020-09-24,21.332260131835938,21.618956819289302,21.289787388629446,21.565865080165537,63139092
2020-09-25,21.374732971191406,21.544625552134825,21.247313130426047,21.395969341280434,37995720
2020-09-28,21.725135803222656,21.725135803222656,21.449058168799194,21.52338626414983,24107520
2020-09-29,21.778226852416992,21.92688303848384,21.693279765994117,21.820699585512973,15037048
2020-09-30,21.873796463012695,21.969360945098387,21.788849356585803,21.8207047240248,14181940
2020-10-05,21.88441276550293,22.096779695317686,21.873793770919757,21.96935824124396,23650396
2020-10-06,22.139253616333008,22.16048998640316,22.054306515821224,22.08616188104204,27501040
2020-10-07,22.25605583190918,22.29852857157209,21.979978163406773,22.08616163279521,16044556
2020-10-08,22.55336570739746,22.585221068668925,22.362236780230635,22.39409052127112,53883596
2020-10-12,22.7338809967041,22.871918208007266,22.65955127341024,22.65955127341024,39351996
2020-10-13,22.74449920654297,22.850682677740863,22.55336863434052,22.797590942141916,21642456
2020-10-14,22.659547805786133,22.765731256835235,22.60645608026158,22.73387751770521,10251440
2020-10-15,22.44718360900879,22.617077799255252,22.319763776439483,22.617077799255252,18200616
2020-10-16,22.351619720458984,22.574605648422992,22.319764356431108,22.44718419231149,12956020
2020-10-19,22.63831329345703,22.63831329345703,22.42594637396826,22.436565368035104,13837292
2020-10-20,22.510894775390625,22.606459246627672,22.510894775390625,22.59584187217417,5656128
2020-10-21,22.500276565551758,22.627698025287295,22.436567455915153,22.510895560606773,29197548
2020-10-22,22.53213119506836,22.53213119506836,22.404711359722793,22.447184098094276,8633040
2020-10-23,22.53213119506836,22.64893365593661,22.436566723616963,22.61707829204244,12823320
2020-10-26,22.53213119506836,22.638314661228183,22.46842208751113,22.53213119506836,11397560
2020-10-27,22.404708862304688,22.457800589466547,22.33038076832427,22.457800589466547,13401076
2020-10-28,22.29852867126465,22.404712141127813,22.256055931411847,22.404712141127813,18679320
2020-10-29,22.054306030273438,22.107397764395536,21.926886192426633,22.086161394792928,27817540
2020-10-30,21.873796463012695,22.001216312537384,21.810085728134705,21.99059893687858,25728748
2020-11-02,21.958742141723633,21.969359516692116,21.7251388294116,21.90565040618766,40253256
2020-11-03,22.21358299255371,22.266674730882105,22.096782140370006,22.128635887182025,17541280
2020-11-04,22.54275131225586,22.553368687261848,22.234818272920688,22.298529003881395,20039872
2020-11-05,22.521514892578125,22.595842998381677,22.415331421364144,22.55336863775737,17073216
2020-11-06,22.659547805786133,22.73387751770521,22.574602341131556,22.58521971409794,24951576
2020-11-09,22.956865310668945,23.02057603915376,22.77635374027014,22.882537207590747,45122576
2020-11-10,22.74449920654297,22.93562977874542,22.680790095962944,22.93562977874542,17402444
2020-11-11,23.094907760620117,23.094907760620117,22.744501939516155,22.744501939516155,34070304
2020-11-12,23.10552215576172,23.232941987088683,23.084284167014676,23.147994892793687,15213688
2020-11-13,23.201087951660156,23.21170694664125,23.03119375334959,23.063049118061716,15047188
2020-11-16,23.954988479614258,23.954988479614258,23.445307563408026,23.445307563408026,36918392
2020-11-17,24.12488555908203,24.58147483250087,24.08241281653523,24.422199617603457,32548044
2020-11-18,24.284160614013672,24.411580461046004,24.02932091994901,24.124885400165443,78556616
2020-11-19,24.24168586730957,24.32663296505098,24.16735776437251,24.305394975442283,17636132
2020-11-20,24.20983123779297,24.241686602941563,24.071792402303174,24.241686602941563,18833544
2020-11-23,24.51776123046875,24.602708325856884,24.347868659923563,24.347868659923563,22791684
2020-11-24,24.400959014892578,24.623943304941875,24.36910365339097,24.623943304941875,24011592
2020-11-25,24.199214935302734,24.570857122849393,24.18859755922593,24.570857122849393,16114800
2020-11-26,24.390344619750977,24.422199987258878,24.220452026761,24.220452026761,9998860
2020-11-27,24.347869873046875,24.390342612741588,24.231067408539666,24.316014508160258,20880260
2020-11-30,24.061172485351562,24.454050960060254,24.061172485351562,24.379722862720396,37349512
2020-12-01,24.273542404174805,24.273542404174805,24.071792834763308,24.167358931925975,19992688
2020-12-02,24.50714874267578,24.539004112326865,24.316018145000672,24.42220163035002,24192848
2020-12-03,24.50714874267578,24.655804974072307,24.42220163035002,24.517766119071872,23526348
2020-12-04,24.910642623901367,24.942496368606218,24.613328584883842,24.613328584883842,48885676
2020-12-07,25.144245147705078,25.218573250080144,24.953114584289825,25.165481516922082,26824392
2020-12-08,25.494647979736328,25.494647979736328,25.048676176292506,25.15485963040181,25060472
2020-12-09,25.494647979736328,25.526501719784374,25.37784553212372,25.484028986233024,24530532
2020-12-10,25.186717987060547,25.30352044856875,25.069917145783464,25.30352044856875,32259652
2020-12-11,25.21857452392578,25.30352162531577,24.90002410888672,25.22919351918623,18466948
2020-12-14,25.112388610839844,25.197335703971344,25.059296880161536,25.197335703971344,9507816
2020-12-15,24.85755157470703,25.059299524481133,24.79384084307773,25.048680529132515,37529272
2020-12-16,25.324758529663086,25.335377525147468,25.027444478643854,25.03806347412824,53189928
2020-12-17,25.186717987060547,25.30352044856875,25.059298151016854,25.30352044856875,11618644
2020-12-18,25.101770401000977,25.207953865675652,25.059297663223543,25.176100122458124,9963540
2020-12-21,25.345993041992188,25.35661203669797,24.953114541344895,25.11238974054497,17230064
2020-12-22,25.059297561645508,25.37784795437829,25.027442198326014,25.28228348465089,22844676
2020-12-23,25.091154098510742,25.123009463320155,24.953115264490734,25.02744336889192,16682148
2020-12-24,25.22919464111328,25.23981201661468,25.101773173246343,25.144247535945745,9804560
2020-12-25,25.26104736328125,25.399086201050842,25.186719256861068,25.292902728955955,11205268
2020-12-28,25.48402976989746,25.48402976989746,25.282281848978165,25.282281848978165,13629768
2020-12-29,25.462797164916992,25.52650627661697,25.345994696453538,25.49465253088259,12375916
2020-12-30,25.82381820678711,25.82381820678711,25.462795076076773,25.48403144490131,21472816
